gene,mutation_str
A2M,E1311K E342K R147C E1311K E342K R147C
AAAS,P307S T163T P307S T163T
AADAT,P244L P244L
ABAT,P239S P239S
ABCA1,P91S P91S
ABCA1,DNSILW677fs
ABCA1,GKS1951fs
ABCA1,R2030W R2030W
ABCA2,S1492F A1262A F1948F S1237F L1683L S1492F A1262A F1948F S1237F L1683L
ABCA3,G495G P72L L310L D1089D G495G P72L L310L D1089D
ABCA4,P458T P458T
ABCA5,T1053A T1053A
ABCA5,V191D F1078F P647P V191D F1078F P647P
ABCA5,H1092Y H1092Y L1081V L1081V
ABCA6,I286M I286M
ABCA6,S1045F L334F E115K A676V H219Y L21F S1045F L334F E115K A676V H219Y L21F
ABCA6,T328N T328T
ABCA6,1499_1500HL>HL
ABCA6,P1029A P1029A
ABCA8,D1120N D1120N
ABCA8,R1447Q R1447Q R1447Q
ABCA9,QALV1070fs
ABCA9,R853C E457K R853C E457K
ABCA9,I734T I734T
ABCB1,P223L F771F P1016S G722E R489C E468K E614K G346R P223L F771F P1016S G722E R489C E468K E614K G346R
ABCB4,E470K G90E L962L S136L L71L G1074E E470K G90E L962L S136L L71L G1074E
ABCB7,H588Y H588Y
ABCB7,A186V A186V
ABCB8,W688C W688C
ABCB8,S265S A588T S265S A588T
ABCC1,AP447fs
ABCC1,I301I P207L S1381L S961F I301I P207L S1381L S961F
ABCC1,L1199L AP447fs
ABCC2,L1410L P597S S926S L1410L P597S S926S
ABCC5,S1281I S1281I
ABCC5,I1105M I1105M
ABCC8,T524T F221F A380T P336P L666L L40L F83F G1327R P662L E1479K T524T F221F A380T P336P L666L L40L F83F G1327R P662L E1479K
ABCC8,R202K R202R
ABCD2,S566L S566L
ABCG2,I297I M131I I297I M131I
ABCG4,C193C Q174Q T581T G250S C193C Q174Q T581T G250S
ABHD2,V28M V28M
ABHD6,K84N K84N
ABI1,P414S P414S
ABI3BP,G69E V664V R333Q G275E P295S E270K G69E V664V R333Q G275E P295S E270K
ABL1,S348L P982L S348L P982L
ABL1,D482E D482E
ABL1,YV185fs
ABLIM1,R637H R637H
ABLIM1,R585K M701I E168K R585K M701I E168K
ABR,P58A M56I M56L
ACAA2,R14L R14L
ACACA,P282L P282L
ACACA,1495_1496MV>II
ACADSB,R239C S33L R239C S33L
ACE,A96V P899S G345R E1016K F1264F E241K G267R A96V P899S G345R E1016K F1264F E241K G267R
ACHE,H436Y H436Y
ACHE,D545N E70K G45E D545N E70K G45E
ACKR1,STRSS122fs
ACKR1,L80F V171V L80F V171V
ACKR1,S326P S326P
ACKR3,E193K F49F P111L F55F T194I E193K F49F P111L F55F T194I
ACKR3,F55F *363*
ACOT8,Q11P Q11P
ACOX1,304_305SA>RP
ACOX2,A432A M393I A432A M393I
ACOX2,*682*
ACP2,R84Q R84Q
ACP5,E286K E286K
ACP5,R129C R129C
ACRBP,H321Y G67S L316L G470G H321Y G67S L316L G470G
ACRBP,RV120fs
ACSL3,G532G R681C G532G R681C
ACSL3,S670N S670N
ACSL5,E490K P37L P13P E490K P37L P13P
ACSM1,K572K R570W P505P M5I K572K R570W P505P M5I
ACSM1,389_390MG>IR
ACSS1,RVVE227fs
ACSS1,YPALSAQAAR58fs
ACSS1,RAA36fs
ACTA1,T68I R149K T68I R149K
ACTB,P258S P258S
ACTC1,S273F E169E S273F E169E
ACTG2,S266F R178R S266F R178R
ACTG2,AP27fs
ACTL7B,CG342fs
ACTL7B,P153S D223N P153S D223N
ACTN1,K516N K516E
ACTN2,T300T F447F D241N R299C S885F D893N S870L T300T F447F D241N R299C S885F D893N S870L
ACTR2,R214C R214C
ACVR2A,MAM451fs
ACVR2A,ES510fs
ACVRL1,V24V E236K V24V E236K
ADAD1,S11L E354K M49I E85K S11L E354K M49I E85K
ADAD1,L289R L289R
ADAD1,PH452fs
ADAM15,I71M I71M
ADAM15,I595F I595I
ADAM19,P749S A469V R813R R389R E44K P749S A469V R813R R389R E44K
ADAM23,HP778fs
ADAM23,S455F S455F
ADAM8,G175S G175S
ADAM9,GAA28fs
ADAMTS5,*931*
ADAR,R767C R767C
ADCY1,L735L E909K L735L E909K
ADCY2,VGVHS384fs
ADCY2,YL497fs
ADCY6,S876F L228L L925L R600C S876F L228L L925L R600C
ADD2,P476L A269V G174R Q16Q K704K V195M S106F E660K P476L A269V G174R Q16Q K704K V195M S106F E660K
ADH7,P178L S189F P178L S189F
ADIG,S53R
ADIG,49_50WE>*K
ADIG,E69D
ADIPOR1,L189F L189F
ADM,AP175fs
ADRA1B,P201L P201L
ADRA2B,R362Q R362Q
ADRA2C,E410K E410K
ADRA2C,R454P R454P
ADRM1,402_403ED>DY
ADSL,A431V L108F P471L A431V L108F P471L
ADSL,M387I M387I
ADSL,S112Y S112Y
AEBP1,K254R K254R
AFAP1L2,R233R V218V E355K P407L R233R V218V E355K P407L
AFAP1L2,346_347SL>SL
AFF1,EK323fs
AFF1,P194S P194S
AFF1,SS396fs
AGER,ELNQ387fs
AGFG1,P356S P356S
AGFG1,S446A S446S
AGGF1,H325Y H325Y
AGL,F185L F185L
AGL,LI484fs
AGL,A176P A176P
AGO2,R773C R773C
AGO2,R714W R714W
AGO2,E722V E722V
AGO2,483_484MP>IA
AGRN,AG615fs
AGRN,CCQDNITA773fs
AGRN,A1990V AP999fs
AGXT,G47R G190R L180L V266V G47R G190R L180L V266V
AHCY,S183F S183F
AHNAK,SGDDE115fs
AHNAK,P878L V4405V P4383S P5276F V2937V P1004S P878L V4405V P4383S P5276F V2937V P1004S
AHNAK,P4753L P4753S
AHSP,R63Q G58G R63Q G58G
AIFM1,R430H R430H
AK1,S178F S178F
AK4,GPP12fs
AKAP10,VS643fs
AKAP12,K808K E952K K808K E952K
AKAP12,T949M IP1158fs P1159fs
AKAP12,T351T EK333fs
AKAP13,89_90FH>LY
AKAP13,Q101E Q101E
AKAP13,A1208A T2356T S1063F H1167Y A1208A T2356T S1063F H1167Y
AKAP13,TPEMI1149fs
AKAP13,TF1793fs
AKAP13,KIM2014fs
AKAP4,S209F A586T G504R S209F A586T G504R
AKAP4,STCQKENQ601fs
AKR1A1,*326*
AKR1C3,H304Y E126E H304Y E126E
ALAD,R17W R17W
ALB,AK116fs
ALB,L10H A451V
ALB,F126F F425F F126F F425F
ALB,R23C R284C
ALB,LF29fs L29L
ALB,434_435KA>NS
ALB,E155K D198N
ALB,Y54F P177S F248F
ALB,S8F E379K
ALB,-62fs
ALCAM,E279E L180F E279E L180F
ALCAM,KR404fs
ALCAM,K572Q K572Q
ALDH1A1,A258S A258S
ALDH1A1,G272E G272E
ALDH1A3,P226S F182F P226S F182F
ALDH1A3,A441V A441V
ALDH1A3,LG281fs
ALDH1L1,AVYTL513fs
ALDH2,LG286fs
ALDH3A1,D390N D390N
ALDH3B1,V206F
ALDH3B1,V145I
ALDH3B1,L281R
ALDH3B1,R292Q
ALDH3B1,D311N
ALDH3B1,P279R
ALDH3B1,P116P
ALDH3B1,R294W E348A
ALDH3B1,E177Q
ALDH3B1,F334L
ALDH3B1,P215H
ALDH3B1,Q276*
ALDH3B1,G240D
ALDH3B1,Q306*
ALDH3B1,T207T
ALDH3B1,F36F Q291Q
ALDH7A1,P106S P106S
ALDOA,L357F L357F
ALDOB,NK120fs
ALDOB,V105M V105M
ALDOB,L63F G130S G341R L63F G130S G341R
ALMS1,YSH810fs
ALMS1,P998L S1755F P1481P S2140F A1125V S2527S P998L S1755F P1481P S2140F A1125V S2527S
ALMS1,E1040V 3740_3741EE>D*
ALOX12B,F648F P78S I676I R600Q F195F Q59Q F648F P78S I676I R600Q F195F Q59Q
ALOX12B,R565Q R565Q
ALOX12B,M105I M105I
ALOX15,I316M I316M
ALS2,S906F P550S S906F P550S
ALS2,H1332H E412K E412K E412K
AMBN,P349S E264K R286K L80L P349S E264K R286K L80L
AMIGO1,E127E SV353fs
AMPD3,M333I M333I
AMPD3,QG234fs
AMPH,E37K E529K R134C F690F E37K E529K R134C F690F
ANGPT1,Q168Q R84K Q168Q R84K
ANGPTL4,D173N D173E
ANK1,Q1125H A945V V692I E15K
ANK1,H215Y H215Y
ANK1,R941Q R941Q
ANK1,RSE1645fs
ANK1,L1585Q L1585M G1707D G1679R S1082F
ANKH,E460K T294T K214K E479D E460K T294T K214K E479D
ANKRD2,L232H L232H
ANKZF1,H540L *727*
ANLN,C469Y C469Y
ANLN,T493T V980V 572_573VL>VL
ANLN,R650K R650K
ANLN,R154P R154P
ANPEP,G141D G141D G141D G141D
ANPEP,F327L E157K F327L E157K
ANTXR2,P419L P419L
ANXA10,E182K L313R G28R G9E M156I E182K L313R G28R G9E M156I
AOC3,GP162fs P163fs
AOX1,E596K M55I E938K E596K M55I E938K
AP1G1,EM133fs
AP3B1,V827L V827L
AP3B1,P978L P583L P978L P583L
AP3B1,H616Y H616Y
AP3S1,KR41fs
APAF1,S422F S422F
APAF1,L83F L83F
APBB2,S334L S334L
APC,GTR1312fs
APC,S905R S905R
APC,EA425fs
APC,L508F L508F
APC,KE1308fs
APLNR,E3K P280P G171G F223F E3K P280P G171G F223F
APLP1,E633K V598V E259K E633K V598V E259K
APOA4,R129Q R129Q
APOH,I140I G93E E245K R21Q I140I G93E E245K R21Q
APOH,RV279fs
APP,E474G E474G
APP,S623F S623F
APP,752_753MQ>I*
APPBP2,*586* Q578H
AQP7,L115F
AQP7,P77S R56C G108E P77S R56C G108E
AQP7,S127R
ARAP3,70_71SL>SL
ARCN1,AVCTKAGKAIVSR7fs
AREG,E90K E90K
ARFGAP1,A109D A109D
ARFGEF1,EV24fs
ARFGEF1,L188F L188F
ARFGEF1,EL1154fs
ARFGEF2,E676K E676K
ARFGEF2,F654L F654L
ARFGEF2,ARF701fs
ARFIP1,P98S P98S
ARHGAP10,P654L P654L
ARHGAP27,D498E D498E
ARHGAP29,CG709fs
ARHGAP29,D127N T622T S620S P568S L806F E185K E206K R348C D127N T622T S620S P568S L806F E185K E206K R348C
ARHGAP4,P848S P848S
ARHGAP5,R1297L R1297L
ARHGAP5,721_722LA>FS
ARHGAP5,*1503*
ARHGAP5,S862L S862L
ARHGEF11,P28T S1252S L753L P252L P28T S1252S L753L P252L
ARHGEF12,P1242L P1242L
ARHGEF12,L1267V L1267V E1489D E1489D
ARHGEF12,IK1080fs
ARHGEF7,T180A T180A
ARHGEF9,*517*
ARHGEF9,E153K E153K
ARID4B,K938Q K938Q
ARID4B,LT83fs LT83fs LT83fs
ARID4B,IEE997fs
ARID4B,AEEESCSPSV973fs
ARID4B,Q932E Q932E
ARID5B,STL149fs
ARID5B,PR33fs
ARID5B,SRVD510fs
ARID5B,IKHEIP444fs
ARID5B,IKHEI444fs
ARID5B,-444fs
ARID5B,-454fs
ARPP21,P622P G688R R510Q P622P G688R R510Q
ARRB2,252_253CP>*S
ARRB2,S184L S184L
ART3,S188L S188L
ASCL1,S218F S218F
ASF1B,H19Y H19Y
ASL,P418L P418L
ASL,A164V A164V
ASS1,S115S R127W S115S R127W
ATF4,HS176fs
ATG4A,P316S P316S
ATG4B,S163F S163F
ATL2,R443C R443C
ATOH8,E251Q E251Q
ATP1A3,I414I P808L S509F E164K A527A I318I G178K I414I P808L S509F E164K A527A I318I G178K
ATP1B1,RFQGRFD290fs
ATP2A1,RP819fs
ATP2A1,447_448TL>TL
ATP2A1,V521I RP819fs
ATP2B4,I377I N977K L109L F719F P1121L F645F I377I N977K L109L F719F P1121L F645F
ATP2B4,S989L S989L
ATP2B4,IP85fs
ATP2C1,D680N A319V D680N A319V
ATP4A,P211L D54N A321V P211L D54N A321V
ATP6AP1,DQWEDLTPLTFGV280fs PVGGPDSPHLWGE281fs
ATP6V0A1,ELK127fs
ATP6V0A4,S544L A805A S544L A805A
ATP6V0C,S20L S20L
ATP6V1B1,YP383fs
ATP6V1C1,Y339C Y339C
ATP6V1F,P34S P34S
ATP7A,S290P S290P
ATP7A,HS1485fs
ATP8B1,K659K G308S K659K G308S
ATRN,R173C R173C
ATRX,E625Q E625Q
ATRX,KS1045fs
ATRX,KK1423fs
ATRX,E2381K E2381K
ATRX,NL1232fs
ATRX,KK329fs
ATRX,KL715fs
ATRX,KKK1930fs
ATRX,SS522fs
ATRX,ARKGEKPC443fs
ATRX,FI2113fs
ATRX,ET886fs
ATRX,F2289F S576L F2289F S576L
ATRX,LN563fs
ATRX,KD971fs
ATRX,QS721fs
ATRX,TPLRRP662fs T661T
ATRX,MD216fs
ATRX,IN2124fs
ATRX,VD469fs
ATRX,DS1940fs
ATRX,QE883fs
ATRX,MG1596fs K698fs
ATRX,P1750G LQN1751fs
ATRX,HR1338fs
ATRX,KK993fs
ATRX,-1295fs
ATRX,DQ972fs
ATRX,EK1090fs
ATXN1,R303W I148I E788K R303W I148I E788K
ATXN1,A107V A107V
ATXN2,S932F S932F
ATXN2,QQQ178fs
AURKA,S89C S89C
AUTS2,S1169S S582F G485G S1169S S582F G485G
AUTS2,D779Y D779Y
AVPR1A,D121A D121A
AVPR1A,R384K R384K
AXIN1,E73Q E73Q
AXIN1,R382C R382C
AXIN2,S475L S475L
AXL,DP841fs P842fs
AXL,R308C M569I P595S R475Q R610Q R308C M569I P595S R475Q R610Q
AZGP1,S279S R120K S279S R120K
B2M,FY82fs Y83F
B2M,Y98C NGERIEK62fs T91fs
B2M,L12Q SL14fs
B2M,LS15fs
B2M,AVLALL8fs
B2M,SL14fs
B3GAT1,P43L P43S
B3GNT3,A42T Y337Y A42T Y337Y
B3GNT3,D333Y D333Y
B3GNT3,*373*
B4GALNT2,F267F G2E D160N R332C K559K F267F G2E D160N R332C K559K
B4GALT2,RG371fs
BAK1,VLLG198fs
BASP1,S195F S195F
BATF,F123L P125L F123L P125L
BATF2,S183F S183F
BATF3,S69N S69N
BAX,MG38fs
BAZ2A,V1827L V1827L
BAZ2A,R553C R553C
BBOX1,L20F L20F
BCAM,F416F N526S F416F N526S
BCAM,LG488fs
BCAN,856_857IR>IR
BCAN,RG84fs
BCAR1,E752K E752K
BCAR3,S78F S78F
BCL10,S170F S170F
BCL11B,M63I F737F K803K S97N M63I F737F K803K S97N
BCL2L10,E33K E33K
BCL2L13,E62K E62K
BCL6,A313V A313V
BCR,-1093fs
BDKRB1,TP331fs
BDKRB1,R176Q L18L S340L I218I R176Q L18L S340L I218I
BDKRB2,EI261fs
BDNF,APM19fs
BGN,R165H R165H
BGN,S89F S89F
BGN,D206N D206N
BIRC2,L156H P61S L156H P61S
BIRC3,E365K E365K
BIRC3,G503E G503E
BIRC5,G196E S137Y
BIRC5,F180F
BIRC5,K166R
BIRC5,R142fs
BIRC5,S284C
BIRC5,D277E
BLVRA,V246A V246A
BLVRB,P172L P172L
BMP1,YP611fs
BMP2K,I709M I709M
BMP6,R231C A343V R231C A343V
BMPR1B,TI199fs
BMPR1B,TP24fs
BMPR2,T652T L685F T652T L685F
BPNT1,Q181E FQ180fs VLGLGAFG172fs
BRAF,V600E V600E
BRAF,G469E S363S H725Y G469E S363S H725Y
BRCA1,LT1676fs
BRCA1,H513Y H513Y
BRCA2,QK861fs
BRCA2,QK1782fs
BRCA2,LSANIS2696fs
BRCA2,P606L H1752Y P606L H1752Y
BRDT,S821F K265K L32I S821F K265K L32I
BRPF3,S846F S846F
BRPF3,SP262fs
BRS3,L330F L330F
BTG1,VSY111fs
BTG1,LQE44fs C62Y
BUB1,D952H D952H
C1QA,S186F S186F
C1QC,P163S P163S
C1R,G545R
C1R,H432H
C1R,S120S
C1R,E548K
C1R,P527L
C1R,P238H
C1R,P527S E458K L207L P156S G178S G574E L446L P527S E458K L207L P156S G178S G574E L446L
C1R,G421S
C1R,G52R
C1R,G545E
C1R,G631C
C1R,A459A E316K
C1R,Q324*
C1R,I413I
C1R,L254L
C1R,V605I
C1R,D276N
C1R,G268E
C1R,A507T
C1R,E316K
C1R,D601fs P215fs
C1R,Q324Q
C1R,S623S
C1R,P611P C160Y
C1R,S93Y F87L
C1R,I626I
C1R,K131M
C1R,R615C
C1R,G85W
C1R,G152G
C1R,L537F
C1R,I413I F104C
C1R,G381D
C1S,R286C P26L R286R S408N R286C P26L R286R S408N
C2,E267K G135S H169L S58S I395I S186F E267K G135S H169L S58S I395I S186F
C3,K427K F1584F R1320Q I1562I E865K E843K E394K E822K E469K L476L H868Y R764Q D371N T788T S1321L K427K F1584F R1320Q I1562I E865K E843K E394K E822K E469K L476L H868Y R764Q D371N T788T S1321L
C4BPB,R14Q R14Q
C5,S169A R1478W P529S S913L S169A R1478W P529S S913L
C8A,S573L E218K E385K E187K G71E D307N E162K G396E S573L E218K E385K E187K G71E D307N E162K G396E
C8B,P573S G97G L448L G512R G39E S482F V216V E33K L318F K81K R284Q P573S G97G L448L G512R G39E S482F V216V E33K L318F K81K R284Q
C9,E218K G164E G179E E218K G164E G179E
CA2,*261* K45E
CA2,*261*
CA2,G232G P194L H122Y G232G P194L H122Y
CA6,G28R S218L G28R S218L
CACNA1A,F1536F G676E D651N S1035S I152I L1324L P647S D1192E G1999E M1068I P1105P F641F F523F L2096L F1536F G676E D651N S1035S I152I L1324L P647S D1192E G1999E M1068I P1105P F641F F523F L2096L
CACNA1B,A750A P1121L E1930K P1843L L1503L A1524A F1407F P1892L I1523I S344F F1729F A750A P1121L E1930K P1843L L1503L A1524A F1407F P1892L I1523I S344F F1729F
CACNA1B,K1934E K1934E
CACNA1F,R50Q R50Q
CACNA1F,A1901T E1383K A1901T E1383K
CACNA1H,V1326V L1053L E1574E F261F A706A P2280S S2207S V1326V L1053L E1574E F261F A706A P2280S S2207S
CACNA1H,G2348S G2348S
CACNA2D2,I592I G764S I592I G764S
CAD,S932F F1205F P1248S F2055F G115G L815F L2046L A1239A S932F F1205F P1248S F2055F G115G L815F L2046L A1239A
CADM2,L311L E125K L382L F285F L311L E125K L382L F285F
CADM3,A205A G390E *399* T313T A205A A5A G390E *399* T313T
CALB2,S249S E96K M68I S249S E96K M68I
CALCR,E332K S91S A152A L167L R214R E332K S91S A152A L167L R214R
CALCR,D13N
CALCRL,G150R I174F G150R I174F
CALCRL,HL251fs
CALCRL,29_30ED>DN
CALU,L169F P32S L169F P32S
CAMK1D,E63K E63K
CAMK2B,P374T P374T
CAMK4,L149L K331K L213F E374K L149L K331K L213F E374K
CAMK4,E221Q E221Q
CANX,P353T P353T
CAP2,L225F N131I L381L S223F L225F N131I L381L S223F
CAPG,*334* E321D D266N D265N D253N
CAPG,IL184fs
CAPN2,PSWN302fs
CAPN3,E157K V391I E157K V391I
CAPN9,355_356QG>H*
CAPN9,R617Q L432L E430K R617Q L432L E430K
CAPN9,S162F S162F
CASP1,E368D P114S E368D P114S
CASP10,G284G P200L E121K G284G P200L E121K
CASP2,H241Y H241Y
CASP4,E341K E341K
CASP8,LSHG315fs
CASP8,MG459fs
CASP9,P71S P71S
CASQ2,S15S S38F S15S S38F
CAT,A520V A520V
CAV2,DK67fs
CBFA2T3,G90R E222K E554K G90R E222K E554K
CBL,Q302E Q302E
CBLB,P674L P674L
CBLB,D267N D267N
CBR1,QSIR68fs
CBR4,S159L S159L
CBX1,E120K E120K
CBX5,E61D E61D
CBX8,L124F L124F
CBX8,S315N S315N
CCDC88A,G1776S P1798L G1776S P1798L
CCL25,R85K R85K
CCL5,*92*
CCNA1,EV253fs
CCNF,A377V A377V
CCNL1,FV237fs
CCNL1,S355A S355S
CCNL1,HS123fs
CCNT1,R572C P345L R572C P345L
CCNT1,DK706fs
CCP110,P204F P204F
CCR1,E306K E306K
CCR2,G109E G109E
CCR5,P34L L266L P34L L266L
CCR7,IC68fs
CCT2,EE18fs
CCT6A,-443fs
CCT6B,R396C R396C
CCT7,*544*
CD14,S284L F285F S284L F285F
CD1D,T183I I141I P27L D140N T183I I141I P27L D140N
CD2,G114E H321Y G114E H321Y
CD207,P27S P27S
CD209,L14F L153L A382T L14F L153L A382T
CD247,Q13Q G98E Q13Q G98E
CD276,A312A P359S A312A P359S
CD276,171_172YP>*S
CD3D,R91Q R91Q
CD3E,G102E G54E G102E G54E
CD4,LG402fs
CD40LG,G75E G75E
CD48,G222R G222R
CD63,*239*
CD69,E140K E140K
CD74,R5K R5K
CD74,H187N H187N
CD79A,P78L P78L
CD79A,*227*
CD81,F77V A103V F77V A103V
CD82,176_177CE>F*
CD86,Q138E Q138E
CD8B,H67Y H67Y
CDA,T9I F50F L10L T9I F50F L10L
CDC25A,S317F S317F
CDC27,QNFSNC174fs
CDC34,P49L P49L
CDC42BPA,P1281S P1602S A104V P1281S P1602S A104V
CDC42BPA,Y1609C Y1609C
CDC42EP1,S113F P231F G59G S113F P231F G59G
CDC42EP1,S147C S147C
CDC42EP4,S336L S336L
CDC45,R554W R554W
CDC5L,RK260fs K261fs
CDC5L,F392Y F392Y
CDC7,E452Q E452Q
CDCP1,G725R P562S F524F E527E G307G G725R P562S F524F E527E G307G
CDH1,FG499fs
CDH1,P201S P201S
CDH1,SD853fs
CDH1,-582fs
CDH1,FL730fs FL730fs
CDH1,P260H P260H
CDH1,RP124fs
CDH1,-828fs
CDH11,F488V F488V
CDH11,F720F R778C D566N E391K I372I F720F R778C D566N E391K I372I
CDH15,IP49fs
CDH16,E329E P671L E329E P671L
CDH2,P277T F431F G65E F835F P277T F431F G65E F835F
CDH2,V491I V491I
CDH4,P187S P187S
CDH4,R274G P275S P275P
CDH4,ISGDPSG433fs
CDH4,I261I G136E G136R
CDH6,R640Q T324T G595G G582E P266S A602A P283P R640Q T324T G595G G582E P266S A602A P283P
CDH6,KK340fs
CDH8,E495K G528R E674K E495K G528R E674K
CDH8,T293A T293A
CDK1,S251F S251F
CDK13,GAKEK592fs
CDK5RAP2,L925L A1793T L925L A1793T
CDK5RAP2,A992T QT700fs
CDKAL1,AK403fs
CDKN1A,SKAC15fs
CDKN1A,EG60fs
CDKN1B,NS124fs
CDKN2A,GRLPVD111fs
CDKN2A,PN70fs
CDKN2A,RVAEL58fs
CDKN2A,GARL101fs
CDKN2A,EG88fs
CDKN2A,LA16fs
CDKN2A,EPNC69fs
CDON,P577S P577S
CDON,E701Q E701Q
CDR2,S373F S373F
CEBPA,A44P A44fs
CEL,M750V
CEL,V162V Q749*
CEL,P741L
CEL,E735K
CEL,G702G
CEL,K746E
CELSR1,F2239F P1431L P2056S L979F F2239F P1431L P2056S L979F
CELSR2,S1252F S1252F
CELSR2,KESSG2799fs
CELSR2,E2750K E2750K
CELSR2,PF1960fs
CELSR2,G586D AP396fs
CENPA,*141*
CENPE,S1814L S747L P2145H A1917V P2369L S1814L S747L P2145H A1917V P2369L
CENPE,E574Q E574Q
CENPF,TN2717fs
CENPF,N313S N313S
CENPF,S550S P1378S S809L S550S P1378S S809L
CENPJ,RA213fs
CENPN,K329N K329N
CEP131,TV707fs
CEP131,L25L A909V A922V L25L A909V A922V
CEP192,A1824P A1824P
CEP192,I1931S
CEP192,P1443S P1443S
CEP192,N1799K R1868* A1917V
CEP192,338_339QR>HW
CEP192,E1884K
CEP192,L1645V L1645V
CEP192,E1149K S1871Y
CEP250,S460F T2299T L2141F S460F T2299T L2141F
CEP72,D107G D107G
CERCAM,435_436EA>DS
CERCAM,AAV85fs
CES1,P54S P54S
CETN2,K168N K168N
CFB,E113K S237S G134D G55S E113K S237S G134D G55S
CFH,S145A K1222K
CFH,A351T V592M R1215*
CFH,*1232* P359S E201E P981S *1232* P359S E201E P981S
CFH,P25H A361V D533V
CFH,S705F S705F
CFH,P156S G615R
CFH,E721K G286E
CFH,I161S R340I C659C S938Y K1108N E1175D E1198*
CFH,E643K E165K F1123F M665I S596F
CFH,*1232*
CFH,R168Q E570K R1074H
CFH,P264L P869S
CFH,T690I P209T
CFHR2,E49K *271* E49K *271*
CFHR2,YQLEG182fs
CFI,M238I G523G G372G M238I G523G G372G
CFI,F198F CG550fs
CFLAR,QK191fs
CFLAR,*481*
CFTR,R1066C P1306L F650F S912L S1460F F1033F L633L H146Y E838E R1066C P1306L F650F S912L S1460F F1033F L633L H146Y E838E
CH25H,L23F F250F L23F F250F
CHAF1A,SL255fs
CHAF1A,P276S 711_712FL>FL Q891* P276S 711_712FL>FL Q891*
CHEK1,S296F S296F
CHEK2,TCKL323fs
CHFR,R504P R504P
CHPF,FLVPDT196fs
CHPF2,DP645fs P646fs
CHRM4,A239T A239T
CHRNA5,K209N K209N
CHRNB1,DV112fs
CHRNG,P501P F505L P501P F505L
CHRNG,HF263fs
CHST1,I316I G238D P211L I316I G238D P211L
CHST12,I334I R8W I334I R8W
CHST2,L421L P412L L421L P412L
CHST4,E365K E365K
CHST6,P186S P186S
CHST8,L26F S182S L25F L26F S182S L25F
CIDEA,*220* D160N *220* D160N
CIITA,R978Q I487I T940T R978Q I487I T940T
CIITA,E61K E61K
CIR1,59_60MG>I*
CIT,S395L L1616L R1918C L1037L L1513L P302L P1829L S395L L1616L R1918C L1037L L1513L P302L P1829L
CITED2,DFVC258fs
CKAP4,S439F S439F
CKAP5,-1985fs
CKMT2,S319S E157K S319S E157K
CKMT2,A71T A71A
CKMT2,A71T A71T
CKS2,F69L F69L
CLCA2,F174F G408E F750L F174F G408E F750L
CLCF1,E71K E71K
CLCN2,L305F L305F
CLCN2,QYEQT16fs
CLCN3,P345S P345S
CLCN3,YS497fs
CLDN14,M156I D142N L12L M156I D142N L12L
CLDN15,D148H D148H
CLDN18,E250K F11F E250K F11F
CLDN19,S138L S138L
CLDN4,A169V A169V
CLDN6,L99F S113F L99F S113F
CLDN8,M96I D76N M96I D76N
CLEC5A,G45R G45R
CLGN,S46F R608Q R389Q S46F R608Q R389Q
CLP1,P115S P115S
CLP1,G194D K171N
CLPB,R546C T706T R546C T706T
CLPS,P21S P21S
CLSTN3,E620K E620K
CLSTN3,R536C A153T T375T V863V P884S R536C A153T T375T V863V P884S
CLSTN3,E501D E501D
CLSTN3,179_180QI>HV
CLU,E104K D380N E104K D380N
CLVS1,R120K E131K R138R L122L S154F R120K E131K R138R L122L S154F
CMBL,G20E G20E
CMKLR1,P313L P313P
CNDP2,LG55fs
CNN2,P293S P293S
CNN3,S76F S241L S76F S241L
CNOT4,S574Y F523L N319T
CNOT4,NGL50fs
CNTFR,E36K R163C A270V E36K R163C A270V
CNTN1,E287V E287V
CNTN1,S865S P137S N97N L168F Q301Q L157L P438L S865S P137S N97N L168F Q301Q L157L P438L
CNTRL,R2084R T627I E1910K R2084R T627I E1910K
CNTRL,R2247Q R2247Q
CNTRL,A635D A635D
CNTROB,RG898fs
CNTROB,LT739fs
CNTROB,WGALPAE819fs
COG2,L102F L102F
COIL,K555E K555E
COL11A1,V1783V T10T G694G G1198V G1018G G1560S G1021E E336K P861S G607S S548L V1783V T10T G694G G1198V G1021E G1018G G1560S E336K P861S G607S S548L
COL12A1,G2678E F2347F G2398E R1434Q E69K G2678E F2347F G2398E R1434Q E69K
COL12A1,L2171V L2171V
COL12A1,PEYF794fs
COL12A1,Y158N Y158N
COL16A1,P909L P636L G1282E P455S P376L P909L P636L G1282E P455S P376L
COL1A1,P829L P805L E684K E660K P964S G200G P829L P805L E684K E660K P964S G200G
COL1A2,G679S R708W R830Q P1091S P1082S E980K G709R G859S G679S R708W R830Q P1091S P1082S E980K G709R G859S
COL1A2,R819H R819H
COL2A1,G207E P158L P928S G207E P158L P928S
COL3A1,451_452EA>DS
COL4A1,E324K G814E P709L P1313S E1152K S792F S1603F I772I G909G F833F E1116K P643S G1133E D1285N E324K G814E P709L P1313S E1152K S792F S1603F I772I G909G F833F E1116K P643S G1133E D1285N
COL4A1,947_948KG>NC
COL4A2,F1655F P1042S T1384I P1505L P1412P G91S M1508I G460G G130E P1680S R1651C F1655F P1042S T1384I P1505L P1412P G91S M1508I G460G G130E P1680S R1651C
COL4A2,GP1423fs
COL5A1,GP1348fs
COL5A1,L1505L E677K I1587I G715E D531N A436A G898S E1352K F190F E1772K L1505L E677K I1587I G715E D531N A436A G898S E1352K F190F E1772K
COL5A1,GP994fs E462K
COL5A2,GD693fs
COL5A2,E1492K G1086E G477E R1060Q E1492K G1086E G477E R1060Q
COL5A3,G1226E P409S G1701E G959G P1242S P1588L R1341K G521G V1162V G812E G542R G557E P244F P1381S S1041S P1431L G965E G1615G G539S G1226E P409S G1701E G959G P1242S P1588L R1341K G521G V1162V G812E G542R G557E P244F P1381S S1041S P1431L F1501F G965E G1615G G539S
COL6A1,P827L P161S P747F P827L P747F
COL6A2,A940T A940T
COL6A2,E241K V752V G391E F188F E241K V752V G391E F188F
COL6A2,19_20QA>HS
COL6A3,H742Y H742Y
COL6A3,Q1309H Q1309H
COL7A1,P1007S S728S I1959I G521G P2470L P2869L E2325E P1897F P1520S P1007S S728S I1959I G521G P2470L P2869L E2325E P1897F P1520S
COL8A2,P172L G543S P172L G543S
COL9A1,G823R G106R P624S P563L P552S G526E D566N L650F P282P G823R G106R P624S P563L P552S G526E D566N L650F P282P
COL9A1,MAASLKRPD777fs
COLGALT1,Q429H Q429H
COMP,E747K G404G V487M E457K E747K G404G V487M E457K
COPA,E691K E691K
COPA,RKD726fs
COPB1,R304C R304C
COPZ2,G151V
COPZ2,G184G
COPZ2,R85W
COPZ2,T86N
COPZ2,I174V
COPZ2,E87K
COPZ2,F107F
COPZ2,E87Q
COPZ2,S205S
COPZ2,K142E
COPZ2,E158E
COQ3,S259F S259F
COQ3,S333F S333F
COQ5,S18L S18L
CP,M557I K128K M557I K128K
CP,FLC11fs
CPA2,P418S A189T P70S P418S A189T P70S
CPA2,PGASS264fs
CPB1,R42C R380Q R42C R380Q
CPE,E359K M469I E352A E359K M469I E352A
CPEB3,I457I P466F I457I P466F
CPN1,I114I E329K I114I E329K
CPOX,A110A P103L P449S A110A P103L P449S
CPQ,QPL393fs
CPQ,DAEM238fs
CPT1A,S170L S170L
CR1,P2169L T1858T T1566T P11L P1775S R1842C P20L A2210V E1533E P2169L T1858T T1566T P11L P1775S R1842C P20L A2210V E1533E
CR2,CL197fs
CR2,D72N V313V S123S P964S V96I G201E G511D D72N V313V S123S P964S V96I G201E G511D
CR2,VP206fs
CR2,R428P R428P
CREBBP,P225L P225L
CREBBP,1436_1437SI>RF
CREBBP,GPQ837fs
CRISP2,R38R G186E T69T R38R G186E T69T
CRLF1,G247E P315L G247E P315L
CRLF2,59_60HY>QH
CRLF2,G24R L146L S98F G24R L146L S98F
CRMP1,S163F D15D S163F D15D
CROCC,361_362AL>AL
CROCC,S1089F S1089F
CRP,S159F E80K K75K S71L S159F E80K K75K S71L
CS,E455Q E455Q
CSAD,H458Y H458Y
CSAD,AR163fs
CSE1L,P535L P535L
CSF1,P491S G320R P210L P491S G320R P210L
CSF2,S122N S122N
CSF2RB,Q872K Q872K
CSF3R,M133I S582F H588Y L19L S624L M133I S582F H588Y L19L S624L
CSNK1D,FN206fs
CSNK1E,P47S P301S P47S P301S
CSNK1E,R10L R10L
CST8,P127S P127S
CSTF3,P614S P614S
CTCF,ER21fs
CTCF,VG169fs
CTCF,197_198YQ>**
CTCF,KI256fs
CTCF,EGENG584fs
CTNNA1,R496C R496C
CTNNB1,S318N S318N
CTNNB1,ATTTAPSL39fs
CTNND1,QK877fs
CTNND1,LS586fs
CTPS1,T566I T566T
CTSC,Q312Q N404N E318K Q312Q N404N E318K
CTSE,D372N S136S D372N S136S
CTSV,S170L S4L S198F L5L S170L S4L S198F L5L
CTSV,*335*
CTTN,TSNI347fs
CTTN,S113L V118V S113L V118V
CUL1,DC169fs
CUL5,EVT594fs
CX3CL1,TMD318fs
CXCL10,P98S P98S
CXCL11,G71E G71E
CXCL8,KFIKELRV47fs
CXCL9,G102E G102E
CXCR3,G343E G343E
CXCR3,-151fs
CXCR6,258_259WE>*K
CXXC1,GGG106fs
CXXC1,S138L S138L
CYB5A,LILHH28fs
CYB5A,E61Q E61Q
CYB5B,82_83DA>EI
CYB5B,38_39WL>*F
CYFIP1,A883S A883S
CYFIP2,G193W
CYFIP2,C89S D329Y
CYFIP2,R207K
CYFIP2,R192C F1109F
CYLD,R53C P459L R53C P459L
CYP17A1,E330K K88K E330K K88K
CYP1A1,G88S P383L G88S P383L
CYP1A1,DEKIINI304fs
CYP1A2,15_16LL>LL
CYP26B1,R373C R373C
CYP27A1,L417F L417F
CYP2C18,L71L R261W P481L L71L R261W P481L
CYP2E1,L315L H254Y L315L H254Y
CYP2J2,P473F V232V E172E M372I A437A P473F V232V E172E M372I A437A
CYP2S1,V252M P167L V252M P167L
CYP39A1,D241E D241E
CYP46A1,R248C E290K F296F F425F R248C E290K F296F F425F
CYP4A22,E301K G130G L183L R270R L296F G303R E301K G130G L183L R270R L296F G303R
CYP4A22,H419Q H419Q
CYP4B1,V184V G131E L29L D353N V184V G131E L29L D353N
CYP4B1,S427F S427F
CYP4F11,E352K I398I L197L T324I F298F E352K I398I L197L T324I F298F
CYP4F11,L240V L240V
CYP4F2,F380F K363K E452E D284N A27A F245F E517E F380F K363K A269D E452E D284N A27A F245F E517E
CYP4F2,P394R P394R
CYP51A1,L288F L288F
CYP7A1,T132T P52S R250K T132T P52S R250K
CYP7A1,*505*
CYP7B1,273_274KY>NN
CYP7B1,D375N D375N
CYP8B1,F419L F419L
CYP8B1,V450V R407C T189T E264K G285R F79F V450V R407C T189T E264K G285R F79F
CYTH2,E26K
CYTH2,G89W
CYTH2,I95L
DAB2,P575S P402F A18V P575S P402F A18V
DAP3,PS388fs
DAP3,KR212fs
DAPK2,R41Q H141Y V66V R41Q H141Y V66V
DAPP1,P16L P16L
DAPP1,YS70fs
DBF4,EK406fs
DBP,QELSHYRA306fs RSCPTTAP306fs
DBT,S399F S399F
DBT,M235T M235T
DCAF11,P423S P423S
DCC,P429S A455A E1408K K1094K F42F R1329K R443Q E395K R88K S569S P429S A455A E1408K K1094K F42F R1329K R443Q E395K R88K S569S
DCC,N294T N294T
DCLRE1B,H163Y H163Y
DCN,S325L G17R S325L G17R
DCP1A,S517S
DCP1A,D560N
DCPS,G226D *338*
DCT,504_505PL>PL
DDAH1,S143F S143F
DDAH1,H207Q H207Q
DDB1,G242D G242D
DDB2,L167F L167L
DDB2,P328L P290L P328L P290L
DDC,R8R L353L I42I E115K R8R L353L I42I E115K
DDX25,R322R G191E R322R G191E
DDX4,M55I M55I
DDX60,S1544F E597K S1544F E597K
DEF6,R587C R587C
DEF6,184_185FL>FL
DENND5A,P567S P567S
DEPDC1,P610L P610L
DGAT1,S210C S210C I203I I203I
DGCR8,P11S P11S
DGKG,E118K G94E S151F G537R E118K G94E S151F G537R
DHCR24,P414L P414L
DHCR7,E131E G230R G199S E131E G230R G199S
DHCR7,LG187fs
DHFR,NL73fs
DHRS2,G8A E98E G8A E98E
DHRS7,*340*
DHX15,178_179MR>I*
DHX16,220_221KA>NS
DHX16,W329L W329L
DIAPH3,P50S P50S
DIO2,YK96fs
DKK4,R75Q R75Q
DLAT,IV525fs
DLC1,G143E P604S S1355F G143E P604S S1355F
DLG1,F478L F478L
DLG5,P1140S P1179P I1364I P1140S P1179P I1364I
DMD,N3517Y N3517Y
DMD,F2032V F2032V
DMD,E2208Q E2208Q
DMD,R395W R395W
DMD,FFSGR3341fs T1683S FFLV3341fs
DMD,V1235F E2984* R2870* F2784L E2686* I1323I E1205* S765Y R472R
DMD,M596L M596L
DMP1,Q378Q G315S G181D E451K R311K S456F E339K Q378Q G315S G181D E451K R311K S456F E339K
DMP1,RG227fs
DMPK,ATD543fs
DMRT1,P314S P314S
DMTN,SP92fs
DNAJA4,KV352fs
DNAJB8,G203R K223K S184L G203R K223K S184L
DNAJC1,S516F S516F
DNAJC3,L41F L41F
DNMT1,F628F R1473C P421L F628F R1473C P421L
DNTT,R287Q R287Q
DNTTIP2,R755C R755C
DOCK10,S185S I1961I P1014S S185S I1961I P1014S
DOCK10,M2054I M2054I
DOCK2,F976F G591K D246N D1519N E728K F266F M383I D174N F976F G591K D246N D1519N E728K F266F M383I D174N
DOCK2,V1747F V1747F
DOCK4,H133L H133L
DOCK4,E448K P1069L I274I E448K P1069L I274I
DOCK9,F1169C R14H
DPEP3,171_172CQ>*K
DPEP3,R285C R285C
DPP4,L445F G705R L445F G705R
DPYD,C953Y S168F L95I
DPYD,E937K F360F V396I G851R E937K F360F V396I G851R
DPYSL2,C179Y C179Y C179Y C179Y
DPYSL3,G464R G344G L250L G464R G344G L250L
DRAM1,T137R T137R
DRC1,594_595ME>IK H556Y 594_595ME>IK H556Y
DSC1,E853K V370V E872E F294F A888T R632C P138S E829K F609F E853K V370V E872E F294F A888T R632C P138S E829K F609F
DSC2,H604Y R875Q E785K *902* E254K G487E D572N E782K E538E G720G G543D H604Y R875Q E785K *902* E254K G487E D572N E782K E538E G720G G543D
DSC2,T539I T539I
DSC3,P599L G784E G398E P599L G784E G398E
DST,A7152V K2906N R1726I Q1688H K1765T S1339S L406I R53Q
DST,P587T R147G
DST,I4207V I4207V I45V I45V
DST,D6847G R5875C Q1496H S13Y T161T
DST,G4498C V3297F Q2519* L1195L
DST,S5090L S5817L S5090L S5817L
DST,I6095M G2241fs
DST,L5008L E6771* E5292* S5288I R5181Q S5074Y V5046I T4471N L2758L A2277D C834C H55H
DST,A7319V D6887N R3242W Y5100Y S3382R R2213M L2132F R1831H K1757T N1477N L1337L D1256A R988K D845D A708V R488H D199Y A153T S166S
DST,E6942D N6219I D3173N K4151Q K4124N I3226S T2364T F2049C V1962V Q1938Q E1694D K1315N G121E N180T
DST,R3255T R2506K
DST,N6626H I5955I A4453T K4424T D2001Y T1973A K1365T E1061D
DST,E2560V R1840C
DST,ISHGYE4490fs
DST,E1412K E1412K
DST,E6385K R1592I
DST,E3879Q E3879Q
DST,H7246N D6070Y K4576N F3969F S1656F G2628*
DST,L7118I G7008G R6793H I5955I M5692T M3211I L4967I Q3132H E2990K T2947I R2163R S2644S S2316S S2152* R1928W E1802* T1341A R1156* Q683H A154A
DST,D5725H E1639K
DST,V4830I V5039V N1273N
DST,E5508A G2392G I2115L E1836K R1726I R2308Q L76I
DST,YI1167fs S1070fs
DST,M3211I L4724F
DST,LL1287fs
DST,KSLI5037fs
DST,T7109M R2554*
DST,R5013C E5698Q
DTNA,P661S P661S
DTNB,H370Y H370Y
DTYMK,R150C R150C
DUSP4,C272C S338F C272C S338F
DUSP5,312_313QY>HH
DYNC1H1,LR34fs
DYNC1H1,F1626F L3572F H4029Y I1665I F2165F S2082F L3115L F1626F L3572F H4029Y I1665I F2165F S2082F L3115L
DYNC1H1,E1639Q E1639Q
DYRK1A,H424Y S645F H424Y S645F
DYRK1A,VK149fs
DYRK1A,R16W R16W L164F L164F
DYRK3,R468C R468C
E2F1,DG148fs
E2F1,L435L E389K L435L E389K
E2F2,106_107KG>NR
E2F8,ENSS658fs
E2F8,LHM167fs
E2F8,E199K E199K E199K
EBI3,S56S F62F G173E S56S F62F G173E
ECH1,*329*
ECM2,D373N D596N R570R D373N D596N R570R
ECT2,M238I A615V M238I A615V
EDAR,CL116fs
EDAR,I86T I86T
EDC4,P365S P947S P365S P947S
EDIL3,G34R G132R G34R G132R
EDN1,G86E G86E
EED,WG68fs
EED,270_271MM>IL
EEF2,CG466fs
EFHC1,GYAIVR36fs
EFHD1,D214N D214N
EFHD1,R226H R226H
EFNA1,P52A P52A
EFNA5,*229* N37S
EGF,L153F G147E H365Y L153F G147E H365Y
EGF,ER430fs
EGF,CP881fs
EGFR,GATCV288fs
EGFR,TNIKHFK354fs
EGR1,SS437fs
EGR2,P141S P141S
EHD1,F178F P350L F178F P350L
EHHADH,V378L V378L
EHHADH,LCELG565fs
EIF2AK2,A157V S181F A157V S181F
EIF2AK3,R649del
EIF2S2,I157M I157M
EIF2S3,TI464fs
EIF3J,SF178fs F179fs
EIF3J,AF18fs
EIF4A2,MF179fs
EIF4G1,P264S P264S
EIF4G1,R55W R55W R55W
EIF4G2,GKG721fs
EIF4G3,L462F P81L L462F P81L
ELANE,P260S P260S
ELF1,P457S P457S
ELF1,Q416H Q416H S365* S365*
ELF3,S204C E262Q SDEL133fs
ELF3,EG52fs
ELF3,-290fs
ELF3,KE255fs
ELF4,A217V A217V
ELK4,V306V A42V V306V A42V
ELL,CE411fs
ELN,V602V G523E P578S G651R P433S V602V G523E P578S G651R P433S
ENO1,NGWG363fs
ENO1,A331D A331D
ENO2,V84M V84M
ENPEP,KSF229fs
ENPEP,T539T G47E G254E S62F E162K R783R T847I G254R G732R D183N T539T G47E G254E S62F E162K R783R T847I G254R G732R D183N
ENPP1,E849K E849K
ENPP1,E880V E880fs E880fs
ENTPD5,*429*
EPB41L2,KR280fs
EPB41L2,K399K K693K S932F T927T K399K K693K S932F T927T
EPB41L3,TN733fs
EPB41L3,K717M 313_314LG>FR
EPHA2,S222F P212L S222F P212L
EPHA2,-93fs
EPHA5,R896H R896H
EPHA5,208_209KG>N*
EPHA5,A858A 586_587LA>FS
EPHA5,616_617SL>RV
EPHB2,I839M I839M
EPHB2,T908T R867C R885C G376R S897F A485V R955L T908T R867C R885C G376R S897F A485V R955L
EPHB3,R877R S795F L917L L513F T311T R877R S795F L917L L513F T311T
EPHB4,E925K E925K
EPHB4,E834D E834D
EPHB4,R444Q R444Q
EPHX2,G12E G12E
EPOR,354_355PL>PL
EPOR,E49K E49K
EPS8L2,L263L A492V T469T L263L A492V T469T
EPS8L2,TP469fs
EPS8L2,-658fs
ERBB3,V104M V104M
ERBB3,Q138L Q138L
ERCC3,S614L S614L
ERCC4,GILK545fs
ERCC8,NK33fs
EREG,SS44fs
ERN1,P830S P269L P830S P269L
ERRFI1,EED107fs H106fs
ERRFI1,SEA159fs
ERRFI1,P284T S307L P284T S307L
ESPL1,H1635Y A144V R727C A440V S458F F4F H1635Y A144V R727C A440V S458F F4F
ESR1,FP97fs
ESR1,NR27fs
ETFDH,RLKP495fs
ETS2,S377F F314F S377F F314F
ETS2,WTG384fs
ETV1,E473K E473K
ETV5,L493F L493F
EVL,A108V V49V A108V V49V
EWSR1,P618S P618S
EXO1,S510L S510L
EXOC2,P126L A891T P126L A891T
EXOC2,P8S P8S
EXOC2,QPPLVTG6fs
EXOC4,DP19fs
EXOC4,LP749fs
EXOSC10,R227C R227C
EXOSC7,D21N D21N
EXT1,-101fs
EZH1,YW14fs
EZH2,KE395fs
EZH2,-739fs I739fs
EZH2,P359S P359S
F10,E65K E65K
F10,QF138fs
F13A1,62_63KV>NL
F13A1,G359R A503V V525V D68N F574F G115E T559T R172Q G359R A503V V525V D68N F574F G115E T559T R172Q
F13B,S446F E564K P24L N5N E17K S446F E564K P24L N5N E17K
F13B,A347E A347E
F2R,F326L F326L
F2R,G327E G327E
F2RL1,L123F L123F
F2RL2,E49K E49K
F5,Q534*
F5,888_889HK>Q*
F5,D1537E I1186V K565T Q534* P411L
F5,S1073S G2140S L311L T149I S1067L R1555R G478E E690K R1030Q S1073S G2140S L311L T149I S1067L R1555R G478E E690K R1030Q
F5,1362_1363SH>RN T1292K
F7,EK202fs
F8,R2135Q V1169V R2135Q V1169V
F9,V181V E231K V181V E231K
FABP2,VK50fs
FABP2,E102K E102K
FABP3,G100E G100E
FABP5,68_69TL>TL
FADS2,H35Y H35Y
FADS2,PG54fs
FAH,P188L P188L
FAM120A,A738V P597L A738V P597L
FAM120A,*1119*
FAP,G637E S757F G637E S757F
FAS,KY231fs Y232fs
FASLG,L181F R44K L181F R44K
FASN,F516F H1093Y P1179P P1213S F516F H1093Y P1179P P1213S
FASN,L2154L R137Q R137Q
FBL,R72G R72G
FBLN2,LG212fs
FBLN2,F1054F G613E E658K F78F R431K F1054F G613E E658K F78F R431K
FBN1,E694K H562Y S2148F G1987S R332C R1850C F640F F1435F E1477K E2130K S2711F P2379L R1982K E694K H562Y S2148F G1987S R332C R1850C F640F F1435F E1477K E2130K S2711F P2379L R1982K
FBN1,NQLEDKYDKDY2843fs
FBN2,KQ308fs
FBN2,H979Y G1584R E919K E1939K R2330R N2458N G2520R S1394N R2286R E1265K H979Y G1584R E919K E1939K R2330R N2458N G2520R S1394N R2286R E1265K
FBN2,G1783E G1783E E1777K E1777K
FBXO34,QG294fs
FBXO4,P184L P184L
FBXO5,LN127fs
FBXO9,P430L P430L
FBXW11,V243D V243D
FBXW7,R479P R479P
FBXW7,D600N D600N
FCER1G,E77K E77K
FCGR1A,H125Y H125Y
FCGR1A,EL350fs
FCGR2B,P77L P77L
FCN1,G5E G5E
FDFT1,A68V A68V
FDPS,D173A AP244fs
FDXR,F157F P87S F157F P87S
FERMT2,E266G M556I G580S E266G M556I G580S
FES,E343K E343K
FETUB,S225L S196F S225L S196F
FETUB,TP289fs
FGA,F529F T283T G272E P214S G301E F570F R857C D133N F529F T283T G272E P214S G301E F570F R857C D133N
FGA,G293V G293V
FGD4,P348L P348L
FGF13,A191V P23fs
FGF13,S216S A21P
FGF16,S104R
FGF16,T71M
FGF16,P109P
FGF16,G11R
FGF16,S44F
FGF16,T19N
FGF16,R64R
FGF16,G81G
FGF16,E17K
FGF16,T19A
FGF16,S15S
FGF6,G145E G145E
FGF6,79_80LV>FL
FGFR3,E135K P696L E135K P696L
FGFR3,SP400fs
FGGY,ICGTS292fs
FGL2,E225K E33K E87K G47G E225K E33K E87K G47G
FGL2,R329H R329H
FGR,D382D E116K V79V E172K A429T R91Q D382D E116K V79V E172K A429T R91Q
FJX1,EL377fs
FKBP2,L70S L70S
FKBP5,R356R G345E S124S Q286Q R356R G345E S124S Q286Q
FKBP5,DS444fs
FLNA,F370Y F370Y
FLNA,P1631S P1631S
FLNA,2602_2603EE>D*
FLNB,EG2231fs
FLNB,V1156I WG529fs
FLNB,WG529fs
FLNB,S1494L S2509F M1492I P438S S1329F L234L E2019K I1313I P2506S G975G S1494L S2509F M1492I P438S S1329F L234L E2019K I1313I P2506S G975G
FLNB,P887L WG529fs
FLNC,A2502V P1709L S1975N G839S I279I E2713K I1929I F1932F S2617S E521K S469S A2502V P1709L S1975N G839S I279I E2713K I1929I F1932F S2617S E521K S469S
FLNC,TY1302fs
FLNC,2134_2135MK>IE
FMO1,T316P R494Q R4Q G193E T316P R494Q R4Q G193E
FMO3,L235L S493L E287K L235L S493L E287K
FN1,P462L T153T P462L T153T
FN1,R1120P R1120P
FN1,E92K E92K
FN1,P837S P837S S826* S826*
FNTA,HP27fs
FOSL2,PPAPG201fs
FOSL2,ER197fs
FOSL2,-203fs
FOXA2,SYTHAKPP154fs
FOXC1,*554*
FOXC2,E216K E216K
FOXJ2,AVH60fs
FOXN3,L41F L41F
FOXO1,S448R S448R
FOXO1,S361N S361N
FOXO1,S386L LTV387fs
FPR1,S112N S255F K85K S76S S181L M82I P239S R84R S112N S255F K85K S76S S181L M82I P239S R84R
FPR1,RTVSL137fs
FRK,S268L T223I S268L T223I
FTL,TH132fs
FTL,D128N D128N
FURIN,DP181fs
FURIN,VAGLSCAFI717fs
FUS,D46H D46H
FUT4,A204V A204V
FYN,S257F S257F
FZD2,345_346WV>*I
FZD8,D576N D576E
G3BP1,-334fs
G3BP1,8_9PL>PL
G3BP2,R322C R322C
G3BP2,G369E G369E
G6PC2,P102S P102S
G6PD,RLS182fs
GAA,E521K A486A E521K
GABRA3,G226K G226K
GAD1,E217K D94D E217K D94D
GAD2,IK485fs
GALNT3,P515H P515H
GAPDH,FVKLI307fs
GAPDH,NASC149fs
GAPVD1,MR1185fs
GAPVD1,P818L P818S
GATA3,*444fs
GATA3,TA440fs
GATA3,MG442fs
GATA3,R330R S243F A102T P421P R330R S243F A102T P421P
GATA3,HP434fs
GATA3,M293K M293K
GATA3,HP423fs
GATA3,-349fs
GBE1,R166C S208S S207F R166C S208S S207F
GBF1,R1419W A1107V R1419W A1107V
GBP2,IWM78fs
GBP2,AL316fs
GBP4,G115D E201K M70I G115D E201K M70I
GBP6,L185L G293E L185L G293E
GCA,L150F L150F
GCG,M79I M79I
GCK,E216K E9E E216K E9E
GCKR,E252K *626* S537N E252K *626* S537N
GCLC,A278P A278P
GCLC,P532S P532S
GDA,P449S T137T G384D P449S T137T G384D
GEM,R116Q R116Q
GEMIN4,LR335fs
GFI1,R28C S254F R28C S254F
GFRA1,T176T G151E T176T G151E
GGA2,91_92NH>KY
GGA2,L302F L302F
GHITM,P117S P117S
GHITM,M71T M71T
GINS2,ES178fs
GJA1,F30F E141K F30F E141K
GLDC,LNLH750fs
GLI1,S1094F L881L R638G P210S G472E G1069S S1094F L881L R638G P210S G472E G1069S
GLI1,G197S G197D
GLIPR1,E29K E29K
GLIPR2,VP26fs P27fs
GLMN,S414T S414T
GLS,P479S P479S
GLS,KE396fs
GLUD1,T455I T455I
GM2A,S176N S176N
GMPS,P513S R552C P513S R552C
GNA14,D91N D91N
GNAI1,IW*44fs
GNAI2,R179C R179C
GNAI2,L37M L37M
GNAI3,E216K E216K
GNAS,D319G Q227L
GNAS,R348Q L194L P143S R117K R348Q L194L P143S R117K
GNAS,I119I P278S V184M
GNAS,SP327fs
GNAS,R579Q
GNAS,E580K R160C
GNAS,R216Q R333R
GNAS,T256M
GNAS,G334V T510M
GNAS,F107F R342Q
GNAS,E140K A2V
GNAS,A143T Y680C R61K
GNAS,R6Q R561H
GNAS,V73I S192L R389C
GNB2,MK300fs
GNE,S32S
GNGT2,D47N D47N
GNL3,-70fs
GNMT,MLV74fs
GOLGA4,2213_2214LE>F*
GOLGA4,R556W R68W R2189C R556W R68W R2189C
GOLGA4,E2011K E2011K
GOLGA4,EK577fs
GOT1,P48S P48S
GOT2,I265I R81C I265I R81C
GP9,P2L G69R P2L G69R
GPAM,R519C P434S L113H R519C P434S L113H
GPAM,PQ811fs
GPAM,K478M K478M
GPC1,S222S F547Y S222S F547Y
GPD1,G10S T264T S133L G10S T264T S133L
GPI,T250A T250A
GPI,D140Y D140D
GPNMB,V61L V61L
GPR132,YV127fs
GPR183,R321K R87Q R321K R87Q
GPR19,S309F S309F
GPR65,D161N E295K E220K K44K D161N E295K E220K K44K
GPR83,L223F Q53P P126P L252F A164T L223F Q53P P126P L252F A164T
GPRC5C,L62M V290M H141Q
GPX3,E42K E42K
GRB2,P66S P66S
GRB7,E73K S63S E73K S63S
GREB1,P1409S A1935V C88C L141L E422K R217W V1233V T246T G315R P1409S A1935V C88C L141L E422K R217W V1233V T246T G315R
GREB1,1430_1431QG>HC
GREM1,G63R G63R
GRHPR,AG50fs
GRID2,G462D G462D
GRID2,A571V A230A S599L R224Q K374K D887N D901N R280G L443L I26I A571V A230A S599L R224Q K374K D887N D901N R280G L443L I26I
GRINA,PG22fs
GRM8,S157S R389Q S894S L749L H674Y S157S R389Q S894S L749L H674Y
GSN,L380F L380F
GSPT1,E372Q E372Q
GSR,F176F P132S P449S F176F P132S P449S
GSTA3,R204R M105I R113R R204R M105I R113R
GSTM1,E30D E30D
GSTM3,D110E D110E
GSTM4,157_158DF>EI
GTF2F1,P332S P332S
GTF2F1,S7R S7G P6L
GTF2H3,S136F S136F
GUSB,DGLWSF42fs
GYPC,*129*
GYS2,D544N S640F P197S D669N D544N S640F P197S D669N
GZMA,I132I R223Q I132I R223Q
GZMB,S198F S198F
GZMK,P78L P78L
HACL1,*579*
HADH,280_281MD>IN
HADHB,298_299KP>NT
HADHB,R61C R61C
HAO1,S258L L306F S258L L306F
HAO2,G270K L124L I241I R14Q G270K L124L I241I R14Q
HAS1,S238L E256K S238L E256K
HAS2,R539S R539S
HAS2,S74F S74F
HAX1,HP56fs L261L
HBB,P52S L79L P101S P52S L79L P101S
HBBP1,WT
HBZ,-53fs
HCLS1,E446K G162R P279S E446K G162R P279S
HDAC11,IP95fs
HDAC2,KA444fs
HDAC6,P213T P213T
HDAC6,566_567FD>LH
HDAC9,R308R T323T A1039D
HDAC9,P35L P35P D807N L642L R667Q D512D S292L P35L P35P D807N L642L R667Q D512D S292L
HDAC9,S277L -280fs
HDAC9,G848G G1022G
HDDC2,RV29fs
HDDC2,F138Y F138Y
HDLBP,I627F I627F
HELLS,86_87ME>IK
HELZ2,P82P P1591P L2385F P82P P1591P L2385F
HERC3,P176S P176S
HERC6,P68L P68L
HERC6,FP166fs
HES6,V192M
HEXA,P429S F344F P429S F344F
HEXIM1,PE61fs
HEYL,R148C R148C L26L
HGF,300_301LE>F*
HGF,R181Q G182G R181Q G182G
HGFAC,G167S G167S
HHEX,GP98fs
HIBCH,G181R G181R
HIF1A,NQP206fs NQPQ206fs Q209fs
HIPK2,53_54QS>HC
HIRA,P365S P365S
HK1,G284R G284R
HK2,I781I R444C I781I R444C
HK2,A872V A872V A872V
HKDC1,L31L I119I A489A D184N R44R R69R L31L I119I A489A D184N R44R R69R
HKDC1,VRFL440fs
HLA-A,YF31fs
HLA-A,RGEPRF41fs
HLA-A,-76fs
HLA-A,FTS33fs G136G
HLA-A,LRAYLDGT180fs
HLA-A,LRSWTAA154fs
HLA-A,AD160fs
HLA-B,DKL201fs
HLA-B,SMY121fs
HLA-B,REEP68fs
HLA-C,TAAQI162fs
HLA-DMA,P80L P80L
HLA-DMB,A166S A166S
HLA-DOB,G161R G161R
HLA-DRA,L174F L174F
HLA-DRA,R225C R225C
HLA-DRB1,K134K T135N T135A
HLA-G,S302F S302F
HMGCL,VYM282fs
HMGCL,S163F S163F
HMGCR,L170L P786L L170L P786L
HMGCS1,S115F S115F
HMGCS2,S248L S248L
HNF1A,P340L P340L
HNF1A,I487N
HNF1A,GE47fs L254Q
HNF1A,T471S
HNF1A,Q455Q
HNF4A,A58T A58T
HNF4A,D304N D282N S380N D304N D282N S380N
HNRNPA1,E5K E5Q
HNRNPA2B1,E42Q E42Q
HNRNPC,NSKSG174fs
HNRNPD,Y332C Y332C
HNRNPR,FV344fs
HOMER1,R297W R297W
HOXB1,S70L S70L
HOXC10,R45K E23K R45K E23K
HPN,F327F G241E Q310Q F117F D196N R181C F327F G241E Q310Q F117F D196N R181C
HR,EA889fs
HRAS,Q61R Q61R
HRC,E191K E568K E191K E568K
HSD11B1,K36R K36R
HSD11B1,G45R G45R
HSD17B11,Q283*
HSD17B4,L221V L221V
HSD17B7,122_123GL>GL
HSDL2,A83P A83P
HSP90AA1,625_626MG>IC
HSP90AA1,EK246fs
HSP90AA1,KKKKKKIK274fs
HSP90AA1,INT34fs
HSP90AB1,QT189fs
HSP90B1,DY407fs
HSPA13,P50S P50S
HSPA1L,R249K G472R E406E F430F R249K G472R E406E F430F
HSPA1L,E112D E112D
HSPA2,S289L S289L
HSPA4,A52V A52V
HSPA4,E269D E269D
HSPA5,V627I V627I
HSPA8,A54T A54T
HSPA9,290_291FK>LQ
HSPB8,P169L P169L
HSPD1,DR419fs
HSPE1,*103*
HSPH1,G182R G182E
HTATIP2,R161C A229A R161C A229A
HTR5A,T14T P309S T14T P309S
HTR7,297_298KE>N*
HTRA1,A180V R302Q A180V R302Q
HUWE1,P1566L L1367F S921F P1723L P1566L L1367F S921F P1723L
HUWE1,R4327Q R4327Q
HYAL2,D136Y D136Y
HYOU1,P444S P444S
ICA1,S304L E282E E243E L375L S304L E282E E243E L375L
ICA1,229_230HM>QV
ICA1,*484*
ICAM1,PAQPLGPRA346fs
ICAM1,226_227VL>VL
ICAM2,E28K E28K
ICAM5,R403C R695C R403C R695C
ICOSLG,E108K E108K
IDE,116_117LG>F* W908F
IDE,P58S P58S
IDE,Q718E Q718E
IFI44,E374K R276C E374K R276C
IFIT2,D196N D196N
IFITM3,*134*
IFNG,H42Y H42Y
IFNGR2,LK202fs
IGF1,G70S S29F I171I G70S S29F I171I
IGF1R,569_570HG>QW
IGF1R,H593Y H593Y
IGF2R,L1128F P141S L1128F P141S
IGF2R,S873L S873L
IGF2R,EG525fs
IGFBP1,138_139FH>LN
IGFBP2,P220L P220L
IGFBP7,I263V I263V
IGSF1,K276Q K276Q
IGSF1,A182A K67K S90L P1186P G997R E1311K G1021G A182A K67K S90L P1186P G997R E1311K G1021G
IGSF3,S992F S992F
IKBKB,15_16WE>*K
IKBKB,QG556fs
IKZF1,E300E P19L D22N E513K E300E P19L D22N E513K
IKZF1,500_501QD>HY
IKZF2,A320A S515L A320A S515L
IKZF4,RG579fs
IKZF4,P44S P44S
IL10RA,G478E G478E
IL11,G191R R135Q G191R
IL12A,P70L P70L
IL12B,V32V V210I S270F V32V V210I S270F
IL12RB1,S612S S178N V605V S321S E207K S612S S178N V605V S321S E207K
IL12RB2,G732R G732R
IL12RB2,LTAA601fs
IL13,R141C A74T R141C A74T
IL13RA1,F275L F275L
IL15RA,P89P S71N A140A P89P S71N A140A
IL16,S520F S952F S520F S952F
IL16,N741D IF249fs
IL16,EE616fs
IL18RAP,E598K F411F V561V T367T S89S E598K F411F V561V T367T S89S
IL1B,S269F L189L S269F L189L
IL1R2,R31C R31C
IL1RL1,E435K A100A E269K R371R E435K A100A E269K R371R
IL1RL1,YS50fs
IL1RL2,E489E E414E E440K E489E E414E E440K
IL2,E88K E88K
IL23A,D67N D67N
IL2RA,S212S M170I S212S M170I
IL32,DK218fs
IL32,M155I *235* S133F D140N *235*
IL33,D191N D191N
IL3RA,M341L M341L
IL4R,P458F P458F
IL5,M126I R51K M126I R51K
IL6ST,LWVEW439fs
IL7R,R291T R291T
IL7R,G23G G342R L404F L404L G23G G342R L404F L404L
IL7R,L147L N396N
IL7R,S240L E319K E336E L304L E336K
IL9R,P257L P257L
ILF3,E484K E485K E485E
ILF3,S442L P793L S442L P793L
ILF3,G694E G694R
ILVBL,S79F S79F
ILVBL,A438V A438V
IMPA2,RK35fs
INCENP,R69K R69K
ING3,L208L S291L L208L S291L
INHBA,E421K S21F P342L E421K S21F P342L
INHBA,142_143KE>NK
INHBB,R158C F264F E270K S271L R158C F264F E270K S271L
INHBE,PATPLC242fs
INPP4B,G554D G554D
INPP4B,831_832CR>*S
INPP5F,TP261fs
INPP5F,S335R S335R
INPPL1,AP974fs
INS,*111*
INSIG1,R245C R245C
IP6K2,110_111LL>LL
IP6K2,CG257fs
IP6K2,R212C R212C
IPCEF1,S173F S173F
IPCEF1,M375I M375I
IPO4,P517L L392L P517L L392L
IRAK2,L154F L510L I315I E251K L154F L510L I315I E251K
IRAK4,G189F G189F
IRF2,P312L P312L
IRF4,94_95KT>NP
IRF6,M401I P466L M401I P466L
IRS4,DS1106fs
IRS4,S517L S48L S517L S48L
ISCU,F7V F7C
ISG20L2,P103L P103L
ISL1,G5R G5R
ITGA10,RE1161fs
ITGA10,SS134fs
ITGA2,*1182*
ITGA4,F414F E803E M297I S426L P530L M805I F414F E803E M297I S426L P530L M805I
ITGA5,T989T S903F F502F R969Q G430E G79E T989T S903F F502F R969Q G430E G79E
ITGA6,TF225fs
ITGA6,P781L T683S P781L T683S
ITGA6,TF225fs V420fs F226fs
ITGA7,AE1077fs
ITGA9,K611K T115I E592K R108W G709E L664L S678F K611K T115I E592K R108W G709E L664L S678F
ITGA9,HCNFS902fs
ITGA9,ADLQL627fs
ITGAE,G620R G585E L858L E555K G620R G585E L858L E555K
ITGAL,G287E F1108F E266K G571E R681Q S1145F F1108F G287E E266K G571E R681Q S1145F
ITGAM,E1042K G649E G590S L1064F G157G L321L T257T 1105_1106PL>PL E1042K G649E G590S L1064F G157G L321L T257T 1105_1106PL>PL
ITGB2,P57S Q95Q G495R P57S Q95Q G495R
ITGB2,S627F S627F
ITGB3,-785fs
ITGB3,D749N D135N D749N D135N
ITGB4,SWA1239fs
ITGB4,DP198fs
ITGB5,D278G D278G
ITGB8,548_549KD>NY
ITGB8,F73F P359L F73F P359L
ITGB8,AF7fs F8fs
ITGBL1,G292R G292R
ITIH1,H68Y R141K F643F E460K H68Y R141K F643F E460K
ITIH1,L569V L569V
ITIH4,P679S P395S T723I P679S P395S T723I
ITIH5,A389A L446L Q86Q P682S I433I K136K F614F A389A L446L Q86Q P682S I433I K136K F614F
ITIH5,R680fs
ITK,DV465fs
ITK,S499F S499F
ITPK1,L312F P52F L312F P52F
ITPR2,R2335C L1970L P337S L264F R2335C L1970L P337S L264F
ITPR2,INQ749fs
ITSN1,A1009V L1225I L1225I
ITSN1,P825S E1422K P825S E1422K
JAG1,CD615fs
JAGN1,*184*
JAK1,S398F S398F
JAK1,1113_1114RL>RL
JAK2,R487C F560S R487C F560S
JAK2,Q238K F265V F265L
JAK2,VKIGDFG990fs
JAM3,R123H R123H
KALRN,R24C
KALRN,Y247Y A1195A
KALRN,V1220V K1377N D1441N R1582R L23L
KALRN,D1620G D1620G
KALRN,T45M
KALRN,H21N
KALRN,E1013K K290N T1312T
KALRN,R1494Q L23L
KALRN,G40S R1576*
KALRN,G102C R410C A477V P587T C1192C V1195I
KALRN,A1390V R877H
KALRN,E941K N586S
KALRN,D1455N R63C D670N G194E E54K P493S E756K T75T E185K S1181S G1359R R43C P1541L D1338N E1224K E780K G88E S1406S D1455N R63C D670N G194E E54K P493S E756K T75T E185K S1181S G1359R R43C P1541L D1338N E1224K E780K G88E S1406S
KALRN,V31V
KALRN,L622Q M75I L1046F
KALRN,T590A E137*
KALRN,L508P L765M L903L S1607I A32V Q414Q E775* D818A
KALRN,E41K I256I D973N E1326V G84G F45F
KALRN,Q844K Q809H
KALRN,L1077L L23L
KALRN,V553V G43R L508L
KALRN,R1124Q T45M
KALRN,S10S
KALRN,M25I
KALRN,E1112K Q1133Q W807* S1504S
KALRN,E182Q L230L
KALRN,F629F D1247G S1201S
KALRN,F1118L N840N
KALRN,F1135F T1518T L23I
KALRN,K330N R1197M S138fs
KALRN,V198M T590M A787T R79C R1229W
KALRN,D659Y A1061V E436K
KALRN,A1295V I643I
KALRN,R62H
KALRN,G994E G994E
KALRN,Q1291H TDIWS1164fs
KALRN,T63I
KALRN,P75R
KALRN,P110S P110L
KALRN,Q684K M1022I
KALRN,D723D D1185N
KALRN,L508L V527V R1227L
KAT2A,E443K FS243fs
KAT2B,S400L S400L
KAZN,R209W R209W
KCND1,P125S P125S
KCNH1,*990*
KCNH1,S690F E982E S545S L607L E201E G323S R363Q E848K S858S R723Q S690F E982E S545S L607L E201E G323S R363Q E848K S858S R723Q
KCNH1,R693W R693W
KCNH1,F800L F800L
KCNH2,H143Y R541C L732L M756I H143Y R541C L732L M756I
KCNIP2,D79N D79N
KCNIP3,A84V A84V
KCNIP3,DQLQAQ80fs
KCNJ2,P244L P244L
KCNJ2,I171M I171M
KCNJ8,Q58Q R310Q Q58Q R310Q
KCNK5,L362L D303N E228K G445G L362L D303N E228K G445G
KCNK5,VHK252fs
KCNMA1,426_427KD>NY
KCNMA1,F225F S1193F S1190S S1208S D238N S469F F225F S1193F S1190S S1208S D238N S469F
KCNN1,I232I P219L I232I P219L
KCNN4,A226V S137S A226V S137S
KCNQ2,SV110fs
KCNQ2,PRGVAA447fs
KDELR3,SI123fs
KDELR3,FS122fs
KDM3A,A807A GK469fs
KDM3A,P407S P407L
KDM4B,S747C S747C
KDM6B,1221_1222SL>SL
KDM7A,P522L D284D P522L D284D
KEL,P326P L422L R453C F104F R406Q P326P L422L R453C F104F R406Q
KHNYN,A139V A139V
KHSRP,P118S P118S
KIF11,D59N D59N
KIF13B,S1803L S1803L
KIF15,R488C R488C
KIF18B,P565S L131L P565S L131L
KIF18B,V689I G56D G5V
KIF18B,GI127fs
KIF20B,R146C R146C
KIF2A,R275C R380R R564C R275C R380R R564C
KIF3B,K495I K495I
KIF3B,L365F L243F L365F L243F
KIF4A,Q852H Q852H
KIF4A,I912L I912L
KIF5A,Y425F Y425F
KIF5B,L474P L474P
KIF5C,D695N L555L D695N L555L
KIFC3,E204Q E204Q
KIT,S123F S123F
KIT,KA209fs
KIT,WKVVE557fs Q556fs
KLF3,IK104fs I104fs R133R
KLF3,R303Q SP224fs
KLF3,SP224fs
KLF4,P293S P293S
KLF4,ALLPSFSTFAS15fs
KLF5,QA315fs
KLF5,QG225fs
KLF5,LPYSI130fs
KLHDC3,IMYIFGGY139fs
KLHDC8A,V194I L338L V194I L338L
KLHL24,106_107LV>FF
KLHL24,P337S P337S
KLHL24,E160A E160A
KLK1,E255K E255K
KLK1,PNKP238fs
KLK2,R77W V26V E163E R77W V26V E163E
KLK8,*261*
KLK8,E38K E38K
KLKB1,R327C F30L P337S R327C F30L P337S
KLRD1,R86W L31L E51K R86W L31L E51K
KMT2D,LVP1032fs
KMT2D,P4216S P786L P997P F3700F P616L S2521S R3491C P4216S P786L P997P F3700F P616L S2521S R3491C
KMT2D,SQK3fs
KMT2D,LL1271fs
KMT2D,APAL1109fs
KMT2D,T1911T GSR1916fs
KMT2D,GR3553fs
KMT2D,AQ3292fs
KMT2D,E5234K -5026fs
KMT2D,SS4034fs
KMT2D,LLPL725fs
KMT2D,CPV4583fs
KNTC1,IN1782fs
KNTC1,AK184fs
KNTC1,IR741fs
KPNB1,WA864fs W864C
KRT1,P229L K438K I412I G514R D248N P229L K438K I412I G514R D248N
KRT17,S17F T306T S17F T306T
KRT18,P28L P28L
KRT18,E276Q E276Q
KRT4,D396Y R49Q
KRT4,L379L R417Q R49Q G13E L379L R417Q R49Q G13E
KRT4,P121L P121S
KRT5,G569E G569E
KRT8,F140F S9F F140F S9F
KYNU,A126T A126T
KYNU,L6I F305L R358W
KYNU,EK419fs
L1CAM,497_498CL>CL
L3MBTL4,P360S P360S
L3MBTL4,P152S P95P R203R D220N P152S P95P R203R D220N
L3MBTL4,T581R 128_129WT>*S
L3MBTL4,12_13MD>IN
LAD1,A333V E159E R35C D489N R283R A333V E159E R35C D489N R283R
LAD1,KEEEADMSSPTQR348fs
LAMA1,G460S G460S
LAMA1,L1867V L1867V P540T P540T
LAMA1,560_561MQ>IK
LAMA1,T233M T233M
LAMA2,N345K N345K
LAMA2,A2483A PCDPVT1538fs
LAMA2,R1730R S201L R306C H443Y K1683K G2987E R1730R S201L R306C H443Y K1683K G2987E
LAMA2,I1828T I1828T
LAMA3,RLCEEMTGQCRC1317fs
LAMA3,I2366I P1777S F449F G1105G G778G M1222I G1890N I3057I E2030K I2366I P1777S F449F G1105G G778G M1222I G1890N I3057I E2030K
LAMA3,RL2749fs
LAMA3,G1415E RFPEC1398fs
LAMA4,1293_1294MD>IY
LAMA4,LSSAWR3fs
LAMB3,M1129I L15L R172W F157F C313S P711L S971N Q169Q P641L L1046L M1129I L15L R172W F157F C313S P711L S971N Q169Q P641L L1046L
LAMB3,CD536fs
LAMB3,VRQ753fs
LAMC1,S1024F S1024F
LAMC1,E1474Q E1474Q
LAMC2,S233L D452N E507K S233L D452N E507K
LAP3,P383S P383L
LAPTM5,G253S G253S
LAS1L,S457F S457F
LATS1,ARQH899fs
LATS1,SG218fs
LATS2,P166S T673I P166S T673I
LAYN,E216K E216K
LCAT,VGLP341fs
LCAT,LYGVG338fs
LCK,F498F V240V P466L V372M F498F V240V P466L V372M
LCK,SR221fs
LCP2,E123K E123K
LCT,K273N K273N
LCT,485_486QD>HN
LDB1,YR69fs
LDHA,P216S P216S
LDLR,R115C E288K L680L P196L R115C E288K L680L P196L
LDLRAP1,S260L S260L
LEPR,K897N S1023Y
LEPR,SI1076fs
LFNG,229_230SL>SL
LFNG,-48fs
LHX2,H155Y P360L P397F H155Y P360L P397F
LHX9,E144K L109L E144K L109L
LIFR,R914Q R812Q Y154Y V834V L644F S1065F R914Q R812Q Y154Y V834V L644F S1065F
LIFR,S679L S679L
LIG1,187_188PL>PL 187_188PL>PL
LIMA1,L60V L60V
LIMA1,ALEEG544fs
LLGL1,S553C 373_374DL>DL
LLGL2,D858D S877L F580F G687G S96S V713V D858D S877L F580F G687G S96S V713V
LMO2,E145K E145K
LONP2,E116Q E116Q
LOXL2,I470I P4L I470I P4L
LPAR1,R124C P246P L299F E193K R124C P246P L299F E193K
LPIN1,P644S P862S P644S P862S
LPIN1,V811L V811V
LPIN2,FP269fs
LRP1,A652V S1207S E3644K H3740Y S3581F I2598I P65L A652V S1207S E3644K H3740Y S3581F I2598I P65L
LRP1,CP895fs A828T
LRP1,MG4512fs
LRP1,CP936fs
LRPAP1,D313N D313N
LRPPRC,468_469LG>F*
LRPPRC,FL898fs
LRPPRC,188_189ME>I*
LRRC15,T447M T447M
LRRC8C,V4M V4M
LSM7,18_19YI>*F
LSR,GP421fs
LSS,A250V A250V
LTA,L181L L22L L193F L40L L181L L22L L193F L40L
LTBP1,C1506Y CP1565fs P1566fs
LTBP1,QLCNIPV1575fs
LTBP1,R995G R995G
LTBP1,I1235M I1235M
LTBP2,P1062P T345S P339L E973K S312F S1116S E1277K R538W P1062P T345S P339L E973K S312F S1116S E1277K R538W
LTBR,LG369fs
LTF,G149E R139C G149E R139C
LUC7L3,E239K E239K
LUM,L212V L212V
LUM,I297I A85A L101F I297I A85A L101F
LY75,H1566Y G1495E 586_587WN>*Y N1591H
LY75,E634K D869N S937L E61K E634K D869N S937L E61K
LY86,P125S P125S
LYPD3,P329S P329S
LYPD3,*347*
MADD,LP284fs
MADD,D1463N G431E
MADD,LS1238fs
MAGEE1,S430F S316L P408L S430F S316L P408L
MAGEE1,604_605WE>C*
MAGEE1,V260M V260M
MAGI2,D107N D107N
MAML1,P333S P333S
MAN1A1,Q400K Q400K
MAN1A1,GYA212fs
MAN1A1,A571T G238R R302Q A571T G238R R302Q
MAOA,A111A P143S A111A P143S
MAOB,D460N P277S D460N P277S
MAP1B,R1275H R1275H
MAP1B,-668fs
MAP1B,R103Q L735L P2122L I128I V409V T2320T E2043K R103Q L735L P2122L I128I V409V T2320T E2043K
MAP1B,SP1965fs
MAP1B,TP1270fs
MAP2K6,P74L P74L
MAP3K1,RI1385fs
MAP3K1,L639P L639P
MAP3K1,ID761fs Q1247fs
MAP3K1,ID761fs
MAP3K1,TD999fs
MAP3K1,-778fs
MAP3K6,EKEAVSP1124fs
MAP3K6,G193G C962C R846C G193G C962C R846C
MAP3K6,E1017D E1017D
MAP3K7,E307K E307K
MAP4K1,NFI249fs
MAP4K1,D603N D603N
MAP4K2,S57F S57F
MAP4K3,A490V A490V
MAPK13,*366*
MAPK8IP2,F421F
MAPK8IP2,L329F S129S L329F S129S
MAPK8IP2,D355Y
MAPK8IP2,S473S
MAPK8IP2,E272D G384R
MAPK8IP2,T383T
MAPK8IP2,T383fs
MAPK8IP2,C518G
MAPKAPK3,QGGPVPPP9fs
MAPKAPK3,S307L S307L
MAPKAPK3,PG28fs
MAPRE3,AP179fs
MAPT,GSLDNITH672fs
MARCKS,AP325fs
MARCO,A179T R75Q G151S R469R G259R H22Y A179T R75Q G151S R469R G259R H22Y
MARCO,H158P H158P
MARK2,E404Q E404Q
MARK3,LR261fs
MASP2,H292Y H292Y
MAST2,P1721S F324F P1721S F324F
MAST3,R948Q R948Q
MAST3,ST101fs
MATN2,LI190fs
MATN2,EV931fs
MATN3,*487* R437Q
MB,L4F
MBL2,P82S P82S
MCM2,L901L E145K L901L E145K
MCM2,AG189fs R307S
MCM4,L432R L432R
MCM4,M717I M717I
MCM5,T538I T538I
MCM6,R565C T384T R565C T384T
MDGA1,T75M T75M
MDK,WG42fs
MDK,G43E G43E
MDM2,D354G K33R
ME2,-59fs
ME2,KAK355fs
MED13L,T1059I A1135V T1059I A1135V
MED13L,KE250fs
MED24,NI419fs
MEF2A,P194S P194S
MEFV,R205K S730F R205K S730F
MEIS2,P416S P416S
MELK,R331C R331C
MEP1A,E166K A324A G468R R372C G451E P80S I697I E166K A324A G468R R372C G451E P80S I697I
MEP1A,L732F L732F
MEP1B,G446R G89R G219R D485N P452L G446R G89R G219R D485N P452L
MERTK,LLYSRLE683fs
MERTK,S543F S66L D921N A351T R722Q S543F S66L D921N A351T R722Q
MERTK,PK665fs
MET,E1396Q E1396Q
METTL3,R508C R508C
METTL7B,G64R G64R
MFAP5,P160S E133K I16I P160S E133K I16I
MFSD6,S71F S71F
MGST1,TL141fs
MICB,P55L S228S P55L S228S
MIOX,P224F P224F
MKI67,F95F P1463L H2571Y P1132L S2990F D429N F95F P1463L H2571Y P1132L S2990F D429N
MKI67,HK2633fs
MKNK1,S437F R88W S437F R88W
MKNK2,T376I P330L T376I P330L
MLH1,S368L S368L
MLH1,I219V K618T K618E
MLH1,DLFYNIA154fs
MLLT10,SL515fs
MLYCD,S447F S447F
MLYCD,VK221fs K222fs
MMD,P41S P41S
MMP10,FY170fs
MMP11,P470P A62V P470P A62V
MMP13,T50R T50R
MMP13,G168E D204N A8V G168E D204N A8V
MMP15,P462S P292P F528F P462S P292P F528F
MMP16,Q420P R318R Q420P R318R
MMP16,D547N D547N
MMP16,*608* I2I
MMP2,S655F P352P S434S S655F P352P S434S
MMP2,A42T A42T
MMP2,581_582YI>*F
MMP3,E201K S261S H218Y K349K M31I E345K P95S E201K S261S H218Y K349K M31I E345K P95S
MMP9,D382N S377S P219S A140V D382N S377S P219S A140V
MMS22L,333_334DR>E*
MOCS2,E181D E181D
MOCS2,P29T P29T
MON2,D1262H D1262H
MON2,G237S G237S
MON2,A216S A216A
MOV10,142_143RL>RL
MOV10,P297L F87F P369S P526S P297L F87F P369S P526S
MOV10,E936Q E936Q
MPHOSPH10,DVV440fs
MPI,MG21fs
MPO,R656C L547L R656C L547L
MPZL1,EK156fs
MPZL2,G99G R8C G99G R8C
MRAP,G134E R98R G134E R98R
MRPL15,GR108fs
MRPL3,E56Q E56Q
MRPS30,IVHF421fs
MRPS31,R219C R219C
MSMB,L4F K101K G43R E99E L4F K101K G43R E99E
MTA1,D708N D708N
MTHFD1,I68N
MTHFD1,S148F
MTHFD1,P899P
MTHFD1,V809G
MTHFD1,L241fs
MTHFD1,H763L
MTHFD1,A504V
MTHFD1,I739M
MTHFD1,G914G
MTHFD1,W359* W359*
MTHFD1,M138I
MTHFD1,G329G
MTHFD1,V331I
MTHFD1,N813H
MTHFD1,S620C
MTHFD1,V960V
MTHFD1,Q487R
MTHFD1,R2C
MTHFD1,P687A
MTHFD1,P748R
MTHFD1,V309L
MTHFD1,Q797fs
MTHFD1,F90F
MTHFD1,K389E
MTHFD1,E276G
MTHFD1,K789K
MTHFD1,V327F
MTHFD1,A711T
MTHFD1,Y427C
MTHFD1,A630V
MTHFD1,A74V
MTHFD1,S135C
MTHFD1,P694P
MTHFD1,D946N
MTHFD1,M491I
MTHFD1,L83S
MTHFD1,S950S
MTHFD1,A981S
MTHFD1,R945C
MTHFD1,L511L
MTHFD1,V465M D594Y
MTHFD1,V656I
MTHFD1,L511F
MTHFD1,G265A
MTHFD1,F545Y
MTHFD1,G772E
MTHFD1,I710I
MTHFD1,I141V
MTHFD1,T525T
MTHFD1,T132I E493K
MTHFD2,RQE54fs
MTHFR,P459L P459L
MTNR1A,P80L P80L
MTOR,1762_1763QG>HC
MTOR,R1890C R1616C S1641S R2152C V2326V R1890C R1616C S1641S R2152C V2326V
MTOR,L133V L133V
MTOR,E2388Q E2388Q
MTRF1,P286S P286S
MTRR,L428V L428V
MVP,P629P P614S P629P P614S
MX1,P321S A653T P321S A653T
MX2,M567I R674C M567I R674C
MXRA5,THSR1078fs
MXRA5,K1680N K1680N F1374I F1374I
MXRA5,P1171P P1171P P1170Q P1170Q
MXRA5,R1762K M1103I D1039N G2793E S952L G216E A1894T V2238V E1761K T2660T T2715T R1762K M1103I D1039N G2793E S952L G216E A1894T V2238V E1761K T2660T T2715T
MXRA5,SF1739fs
MXRA5,D889N D889N
MYB,NVPQP271fs
MYBBP1A,P1014S P1014S
MYBL2,L688L R695Q P603L P331S L688L R695Q P603L P331S
MYBPC3,E441G E441G
MYBPC3,S855S G575S S855S G575S
MYBPH,P10L P10L
MYC,P59L P59L
MYC,P59L P59S
MYC,Q321H E39D K356K C171C R10G Q35Q D17E
MYCN,PG45fs
MYCN,R398W R398W
MYH1,E1568A E1568A
MYH1,E1389K R811K T765T E348K A1445A S37L L271L E1127K T168I A687V R22R E1389K R811K T765T E348K A1445A S37L L271L E1127K T168I A687V R22R
MYH10,T787P T787P
MYH10,ER1776fs
MYH10,A914P A914P
MYH11,L1060L R1471R I138I E1853K P39L E1206E K1136K L1060L R1471R I138I E1853K P39L E1206E K1136K
MYH11,E984Q E984Q A544D A544D
MYH2,KK1536fs D548Y A358V
MYH2,M858I G319E K599K E878K E993K F165F R813K E1702E M858I G319E K599K E878K E993K F165F R813K E1702E
MYH2,1670_1671QE>H*
MYH2,K1268K P82L 1069_1070QE>HK G58E
MYH3,K566R R148R E75K S548S E1389E R250Q K566R R148R E75K S548S E1389E R250Q
MYH4,E1751K E934K E412E P83L E783K E779K E861E D1345D G1061S E1751K E934K E412E P83L E783K E779K E861E D1345D G1061S
MYH7,K1587T K1587T
MYH7,V586V 1441_1442AL>AL D1580N A1002A I673I K503K A1403V S158S S1718F E931K A1543T G716G G354S V586V 1441_1442AL>AL D1580N A1002A I673I K503K A1403V S158S S1718F E931K A1543T G716G G354S
MYH8,I935M I935M
MYH9,S1340S 1529_1530AL>AL
MYH9,L377F L377F
MYL1,E36K G174D G96E S68F E36K G174D G96E S68F
MYL12A,D66N D66N D110H D110H
MYL2,D48N D48N
MYL3,E186K E186K
MYL4,E128K M106I E128K M106I
MYL4,D51N D51N
MYL9,T129I T129I
MYLK,P161T P161Q
MYLK,S181F Q1712Q L632F R373K D481N G240G V951V E1903E S181F Q1712Q L632F R373K D481N G240G V951V E1903E
MYO15A,P1101L -1097fs
MYO15A,G62G P3432S L1297L E3037K A1526T R1826R G62G P3432S L1297L E3037K A1526T R1826R
MYO15A,W271C W271C
MYO15A,YP393fs
MYO15A,1099_1100PL>PL F1917F
MYO15A,V2795M V2795M V2795M
MYO9B,F1850F P2043L F1850F P2043L
MYOF,L394L L2045F S806F L394L L2045F S806F
MYOF,TN669fs
MYOG,T38T G157R T38T G157R
MYOM1,S74L R1067Q S74L R1067Q
MYOM2,T1159I G450E L655F F276F E282E E1060K D434N T1159I G450E L655F F276F E282E E1060K D434N
MYOZ1,S4L S4L
NAA38,EREDSAAE32fs
NADSYN1,TP401fs
NAP1L2,K8R E9K E29K K8R E9K E29K
NAV2,L912R L912R
NAV2,F459F S2354L F459F S2354L
NAV2,LF2037fs
NBL1,A17V A17V
NCAM1,PK288fs
NCAM1,-367fs
NCAM1,F45F A455A V207V E204E G263K T824T F45F A455A V207V E204E G263K T824T
NCAM1,S470S L489L
NCAM1,H240Y D509D
NCAM1,G90G Q291H
NCAM1,V541I
NCAM1,A550V T706A R782Q
NCAM1,N560N
NCAM1,L546L
NCAM1,I73I S250L R322W S618L S710N
NCAM1,T574I
NCAM1,D80N A98T D163N I273I
NCAN,D250N D367N A886A R1119C A508A T998T F969F D250N D367N A886A R1119C A508A T998T F969F
NCAN,SP627fs
NCAPD2,HP834fs
NCAPD2,P836P P287L P836P P287L
NCAPD2,M644I M644I
NCAPH,HP22fs
NCAPH,H634Y H634Y
NCF4,KS78fs
NCOA3,P868F R849C P868F R849C
NCOA6,S535L S442F P374S S535L S442F P374S
NCOA7,EK352fs
NCOR2,M1150I M1150L
NCOR2,P912L P984P H1082Y T946T F337F P912L P984P H1082Y T946T F337F
NCR1,E42K E42K
NCR1,T240M T240M
NCSTN,QI59fs
NDC80,E367K E367K
NDRG2,N158K N158D
NDST3,P379S E495E P379S E495E
NDUFA3,DG60fs
NDUFA9,H331Y H331Y
NDUFC2,A66V A66V
NDUFS1,TIA390fs
NDUFS3,P238L D234D P238L D234D
NDUFS4,S159F S159F
NEDD4,S467F S467F
NEDD4,E1048K R37I K71E
NEDD4L,E77Q E77Q
NEDD9,P264S P264S
NEFH,E700K E477E D858N K841K E459K D340N E700K E477E D858N K841K E459K D340N
NEFH,DS340fs
NEFH,AK554fs
NEK7,LK62fs
NELFB,P124S P124S
NELFE,219_220DR>DR
NEUROD1,P86L P86L
NEUROD1,PT179fs
NEUROD1,DSSHV235fs
NEUROG3,F21F G67E S20S F21F G67E S20S
NEXN,D356N D191N R125Q D356N D191N R125Q
NF1,LIILDTL84fs
NF1,LF1246fs
NF1,N2679S N2679S
NF1,MTPWLSN1949fs
NF1,TV165fs
NF1,GYHK1168fs
NF1,EL178fs
NF1,TV2409fs
NF1,KIDAV428fs
NF1,RN135fs
NF1,LLTD952fs
NF1,VSC381fs
NF1,VF1777fs
NF1,TP676fs
NF1,IF1605fs
NF1,TY2284fs
NF1,FL1658fs
NF2,RLLQMK359fs
NF2,SE444fs
NF2,SS12fs
NFASC,A215T A605A V828I
NFASC,G536S A614T S815S E1156K W825* P907S E810K E771K L690F G536S A614T S815S E1156K W825* P907S E810K E771K L690F
NFASC,G23R I278I S830S A972T
NFASC,EG113fs W370*
NFAT5,NF1059fs
NFE2,E227K E171K E227K E171K
NFE2L1,A667A AP160fs
NFE2L2,G81D G81D G81D
NFIB,H352L H352L
NFIB,RA55fs
NFKB2,S277F S277F
NFKBIE,YT219fs
NFKBIE,TY253fs
NFKBIZ,Q292H Q292H
NFS1,S165L L439F S165L L439F
NFX1,H69Y H69Y
NFYC,*459* *459*
NFYC,D57N D57N
NFYC,*459*
NFYC,HP353fs
NHLH2,G25S G25S
NID2,I262I P759P L589L S431L R830W I262I P759P L589L S431L R830W
NIN,L932L S176F L932L S176F
NIN,527_528FL>LM
NIN,-1956fs
NIPBL,SV2226fs
NIPBL,A1310V A1310V
NIPBL,R1145C L2076L R1145C L2076L
NIPBL,TK973fs
NIPBL,ANKL2781fs
NKD1,S276F P388S S276F P388S
NKD1,-270fs
NKIRAS1,E148Q E148Q
NKX2-2,E142K R187Q E142K R187Q
NLGN2,P107L P107L P767L
NLRC5,QI1744fs
NLRC5,H1008Q H1008Q
NLRC5,PF575fs
NLRP3,QG225fs
NLRP3,M505I E485E R920Q S791F L961F A618V V162V E356E R7R Q425Q L999L A354A M505I E485E R920Q S791F L961F A618V V162V E356E R7R Q425Q L999L A354A
NMI,CS88fs
NMUR1,H177Y H177Y
NNMT,D19N G63D D19N G63D
NNT,GK223fs
NOC4L,*517*
NOD1,S440N S440N
NOD1,VL144fs
NOD1,A707V A707A
NOD2,K953K G915G G73S S30L I170F R183R L257L R830Q E383K K953K G915G G73S S30L I170F R183R L257L R830Q E383K
NOL8,NR894fs
NOLC1,QK278fs
NOLC1,P11S P11S
NOP14,LCR749fs
NOP16,A65V A65V
NOP2,A379V A379V
NOS1,L1090L G367E
NOS1,A1395V F745L F709F F432F S354Y
NOS1,G26G S324F
NOS1,W405*
NOS2,F488V F488V
NOS2,R740W S888F G91S F286F R633W P82L Q1109Q R740W S888F G91S F286F R633W P82L Q1109Q
NOTCH1,DC1520fs E1294*
NOTCH1,W1487C E1408D E1408K E1182Q
NOTCH1,ADAQG1971fs
NOTCH1,GGYSC1165fs
NOTCH1,QCE513fs
NOTCH2,VC274fs
NOTCH2,T2440T P152S R1718C F360F A835V T2440T P152S R1718C F360F A835V
NOTCH2,2099_2100MG>IC P464Q P2150N G943L R1933I 1037_1038EG>D* G598W
NOTCH3,IDL1138fs
NOTCH3,HS2227fs
NOTCH4,P627L P427L S217F G1000R F377F M730I R157Q P627L P427L S217F G1000R F377F M730I R157Q
NOTCH4,NI1964fs T716P T248P
NPC1,L58I L883L A412V L58I L883L A412V
NPC1,R1186R LF762fs
NPFFR2,F425F P354L E507K F425F P354L E507K
NPHP1,S555S P517S S555S P517S
NPHS1,I128I T953T V204V G984E T905T Q1126Q I128I T953T V204V G984E T905T Q1126Q
NPM1,WQ288fs
NPM1,-287fs
NPTXR,R264K K234K R264K K234K
NPY1R,L82F P223L L82F P223L
NPY4R,V337M E348K V337M E348K
NPY4R,M260T M260T
NR0B2,P239S D234N P239S D234N
NR1H4,R186Q R186Q EL135fs EL135fs
NR1I2,R440C R440C
NR3C1,P247L P247L
NR3C2,T822T R947Q S419L I711I T822T R947Q S419L I711I
NR3C2,P957L P957L
NR4A1,A488A S492F A488A S492F
NR4A2,S126L S126L
NR4A2,G460D G460D
NR4A3,G548V G548V
NR4A3,FP148fs
NRCAM,P374S P374S
NRCAM,E1112D E1112*
NRCAM,S235Y S235Y
NRIP1,KE1155fs
NRIP2,R262Q R262Q
NRP1,D749N F163F S115L D444D D749N F163F S115L D444D
NRP2,R572Q R572Q
NRP2,R91W E550K L702L G591S R91W E550K L702L G591S
NRP2,R287W T340T R466C D867N S842Y C878Y
NRP2,HC900fs
NRP2,R666Q R666Q
NT5C3A,YH220fs
NT5E,G235S G235S
NTF3,P114P L10L R138Q A130A P114P L10L R138Q A130A
NTHL1,AMA225fs
NTM,G50G P86S E184K G50G P86S E184K
NTNG1,H429Y H429Y
NTNG1,W27C W27C
NTRK3,G339R L152F E588E K346K R587K L815L R582R R735C F450F V693V G339R L152F E588E K346K R587K L815L R582R R735C F450F V693V
NTRK3,R683S R683S
NUDT21,P107L L42F P107L L42F
NUDT21,F104C F104C
NUFIP1,P80L P80L
NUMA1,AGV1889fs
NUMA1,AHQA777fs
NUP107,P325L P325L
NUP107,FSKWL531fs
NUP153,S203L P914L A235A S203L P914L A235A
NUP153,E768Q E768Q
NUP205,R582C DF1202fs F1203fs
NUP98,N665S N665S
NUP98,L1219F P1088R P1451S L1219F P1088R P1451S
NUP98,RVR542fs RVR542fs
NUSAP1,H119Y H119Y
NXT1,S53L S53L
OAS1,R242P R242P
OAS1,V117V S63F V117V S63F
OAS2,L411L D671N L411L D671N
OASL,R202W G490G R202W G490G
OAT,C253R C253R
ODF1,E30K R20K E30K R20K
ODF2,AE611fs
OGDH,YP948fs
OGDH,P149L P149L
OGDH,YP948fs P949fs
OGDH,DL227fs
OLFM1,L331H L331H
OLFM1,S386F F273F S386F F273F
OLFML3,L241V L241V
OLFML3,G267D G267S
OLR1,P239S P239S
OPHN1,S86S E609K S86S E609K
OPRK1,R263Q D128N V236V V164V R263Q D128N V236V V164V
OPTN,A253T A253T
OPTN,-242fs
OPTN,KLELQ360fs
ORC5,*436*
ORM1,W179*
ORM1,G187S
ORM1,P138A
ORM1,R185C
OSBP2,E546E P118S G604G E546E P118S G604G
OSGIN1,P99F
OSGIN1,P134H
OSGIN1,V284M
OSGIN1,H198H S79fs
OSGIN1,F332F
OSGIN1,N34T
OSGIN1,A169A
OSGIN1,S473F S473F
OSGIN1,V168M
OSGIN1,V472I
OSGIN1,I112I V237G D462N
OSGIN1,P291S
OSGIN1,V540A
OSGIN1,R360G
OSGIN1,T331A
OSGIN1,L190I
OSGIN1,A363A
OSGIN1,L407L
OSGIN1,D404H
OSGIN1,R207W
OSGIN1,F308L
OSGIN1,R195W
OSGIN1,I479I
OSGIN1,P210P A143A P291A
OSGIN1,R323H
OSGIN1,W192*
OSGIN1,R195Q
OSGIN1,L463L
OSGIN1,Q242Q
OSGIN1,N107N K243E A381A
OSGIN1,W286L
OSGIN1,V326I
OSGIN1,Q425*
OSGIN1,R177C
OSGIN1,T331T V540A
OSGIN1,I340I
OSMR,G183R G283G T729T K677K H49H G183R G283G T729T K677K H49H
OVOL2,CG124fs
OXA1L,L57F F40F L57F F40F
OXA1L,L18I A95V
OXSR1,S269L S269L
P2RX7,N100I N100I
P2RY1,R212Q R212Q
P2RY1,I216F I216F
P2RY14,P51S P26S P51S P26S
P2RY2,G155E L308L A154A G155E L308L A154A
P2RY2,A67V R95C R95R
P2RY2,A248T A248A
P4HA1,L103F L103F
PA2G4,P251P V228A P251P V228A
PABPC1,R518C R518C
PABPC4,D70Y D70fs
PABPC4,H626Y A368V H626Y A368V
PABPC4,473_474PD>LY
PABPC4,E308K E308K
PAICS,D197H D197H
PAK3,G411E G411E
PAK3,RK256fs
PAK4,S542L F32F S542L F32F
PALLD,G593S D683N K82K D325N F27F G808R R341C E8E A213A G593S D683N K82K D325N F27F G808R R341C E8E A213A
PALLD,KGGPQSQLC161fs
PALLD,R189T E668Q
PANX1,S239L F109F S239L F109F
PANX1,366_367LL>LL
PAOX,SP347fs
PAOX,E191K A372A E191K A372A
PAOX,E271Q E271Q
PAPOLB,STE509fs DKKAH504fs
PAPOLB,L46F L46F
PAPSS2,GDLQVL369fs
PARP12,F371F R228K S506F F371F R228K S506F
PARP14,*1802*
PARP14,L1598F R884C L1598F R884C
PARP14,DP18fs
PARVA,F313S F313S
PARVA,300_301MG>IW
PAX4,R213K P147L R213K P147L
PAX4,E273K
PAXIP1,F1051F R184C F1051F R184C
PCDH1,E426Q E426Q
PCDH7,D773N D773N D773N D773N
PCDH7,SP1000fs
PCK1,P199L S340L D478N G289G G259E E62K I511I P402S E89K P199L S340L D478N G289G G259E E62K I511I P402S E89K
PCLO,S4019G S4019G S2782* S2782* A1569A A1569A
PCLO,S4327F E4070K R2151K L366F S1522L K1598K G984D L591F P130L D2341N P2699S L4095L E4320K G1599E G4739G P440L G953E G485S P3665P L4236F E1632K S3262F L1779L L3647L Q232Q S2039N E2152K E3450K S2569L G1982R G3073R L1235L S4327F E4070K R2151K L366F S1522L K1598K G984D L591F P130L D2341N P2699S L4095L E4320K G1599E G4739G P440L G953E G485S P3665P L4236F E1632K S3262F L1779L L3647L Q232Q S2039N E2152K E3450K S2569L G1982R G3073R L1235L
PCLO,NLVT2545fs
PCLO,M3068L M3068L S1959S
PCNT,H1033Y H1033Y
PCOLCE,CP389fs
PCOLCE,YP180fs
PCSK1,G308E G308R S340S
PCSK1,S253L I86I S253L I86I
PCSK1,478_479AL>AL
PCSK2,Q580Q S348F L441L G496R Q580Q S348F L441L G496R
PDCD1LG2,Y174N Y174N
PDE4DIP,G2120C R143L
PDE4DIP,F2313L D64G K93T
PDE4DIP,L144L D84N
PDE4DIP,H2183Y S2123F S42S R38Q R6C F1039F S1606F D1188D R430Q H2183Y S2123F S42S R38Q R6C F1039F S1606F D1188D R430Q
PDE4DIP,R2117W A2080T V1371A A72V
PDE4DIP,S127S R522K D1985N
PDE4DIP,YE37fs
PDE4DIP,D1069N E67*
PDE4DIP,L258I R13Q
PDE4DIP,V109M G306R
PDE4DIP,S127F R1489Q L1118L
PDE4DIP,G58E S728L
PDE6B,G407E E206K E503K V138V F209F G407E E206K E503K V138V F209F
PDGFB,G50R G50R
PDGFC,E97K E243K E97K E243K
PDGFRB,S1041F V810M F897F Q487Q F264F G687R P529P S1041F V810M F897F R332W Q487Q F264F G687R P529P
PDGFRB,D453E D453E
PDHA1,R378C R378C
PDHA2,E186K E186K
PDHA2,ALWKLPC210fs
PDHA2,D239V D239V
PDIA5,AP384fs
PDK2,F98F P79L P394L F98F P79L P394L
PDK4,D216N D216N
PDLIM3,ES58fs
PDLIM5,S115F S115F
PDPN,L28F R74C L28F R74C
PDS5B,V921M V921M
PDS5B,D324N D324N
PDZK1IP1,S85L N51N S85L N51N
PEF1,P11S P11S
PEG3,51_52NL>KI
PEG3,1099_1100KD>NY
PEG3,LKGA1325fs
PEG3,499_500QV>HF
PEG3,P18Q P18Q
PEG3,L1010V L1010V
PENK,G212S L46L G188S R167Q F139F G212S L46L G188S R167Q F139F
PENK,*268*
PENK,E245K E245K
PER1,4_5PL>PL
PER1,D666N D666N
PEX12,LL296fs
PEX13,S354F S354F
PEX14,H281Y H281Y
PEX2,R125Q R125Q
PEX26,A92V A92V
PEX5,R183C R183C
PEX5,582_583AL>AL
PFKFB3,H139N H139L
PFKL,*781*
PFKP,MG593fs
PFN1,*141*
PGAM2,YY132fs
PGF,E68K E68K
PGK2,F95F P71S S175F R18Q P207L P135S F95F P71S S175F R18Q P207L P135S
PGLYRP1,*197*
PGM2,E45K E45K
PGR,S735L R94R S735L R94R
PHEX,R246W P712L R246W P712L
PHF3,R1273C S968S R1273C S968S
PHF3,SF968fs F1823F
PHF7,FSDLYQRY238fs
PHF7,R145C P317S R145C P317S
PHGDH,139_140MG>I*
PHGDH,P282L P282L
PHKA2,NTATCGT117fs
PHKG2,*407*
PHKG2,TP303fs
PHLDA1,*402*
PHLDB1,612_613QR>HC
PHLDB1,P1080L S987F P1080L S987F
PHLDB1,P379S P379S
PHLDB1,FP1083fs
PHTF2,R560C R560C
PIAS1,L294F L294F
PIF1,R602C P605S R602C P605S
PIGQ,V758V P364L V758V P364L
PIGR,A754D A754D
PIGR,E737K P301L E511K E459K E737K P301L E511K E459K
PIGR,I38T CD279fs
PIK3CA,123_124MP>IA
PIK3CA,K111N K111N E545K E545K
PIK3CA,H1047L H1047L H1047L H1047L
PIK3CA,G1007R G1007R
PIK3CA,S773F S773F
PIK3CA,E545K E545K
PIK3CA,P539R P539R H1047R H1047R
PIK3CA,E542K E542K
PIK3CA,N345T N345T
PIK3CA,H1047R H1047R
PIK3CA,C378F E545R E545R
PIK3CA,N345K N345K
PIK3CA,H1047R H1047R H1047R
PIK3CA,C420R C420R
PIK3CA,E545A E545A
PIK3CA,E545K E545K E545K
PIK3CB,476_477MG>I* P185N
PIK3CD,KE712fs
PIK3CG,Q1007R E581K L98L Q1007R E581K L98L
PIK3CG,H471Q H471Q
PIK3CG,R544P R544P
PIK3R3,L326R L326R
PIM1,ILER119fs
PIM3,305_306DL>DL
PITPNC1,S183F S183F
PKD1,R936C A2907S P3173S R936C A2907S P3173S
PKD1,H4151Q H4151Q
PKHD1,G199E R3853K G1467R R564Q G1041D V1061V M1134I L478L E563K G199E R3853K G1467R R564Q G1041D V1061V M1134I L478L E563K
PKHD1,D3808H D3808H S1353C S1353C
PKHD1,3589_3590QI>HV
PKHD1,M1134I M1134I
PKHD1,N3940Y N3940Y
PKHD1,G2707C G2707C
PKIA,R58Q R58Q
PKLR,E318K E318K
PKP1,E534Q E534Q
PKP2,G646R G646R
PKP2,I199I E303K S757F R653R M576I L394F T483I I199I E303K S757F R653R M576I L394F T483I
PKP2,KETLP768fs
PKP3,G228R G228R
PKP3,R442K R442K
PLA2G4A,P69L P69L
PLA2G7,G366R G366R
PLAG1,P386S S369S S340L P466S P386S S369S S340L P466S
PLAGL1,353_354KG>N*
PLAUR,129_130RG>SS
PLCB1,*1217*
PLCB1,F497F P221S S410L R1032Q L312L F497F P221S S410L R1032Q L312L
PLCB1,KL160fs
PLCB2,E758K V7V G163E E758K V7V G163E
PLCB4,G626R E519K R741C H589Y E1104K E211K G429R E980E S670L R446R F323F S407P G626R E519K R741C H589Y E1104K E211K G429R E980E S670L R446R F323F S407P
PLCB4,S890I S890I
PLCG1,R270C I410I R270C I410I
PLCG1,DE966fs
PLCL1,V442I V442I
PLEC,4510_4511AL>AL
PLEC,E2845D E2845D
PLEC,F779F A2907A L1339L I2835I S3252F F779F A2907A L1339L I2835I S3252F
PLEC,LSEPS3974fs
PLEC,N3636D 2865_2866IL>IL
PLEC,EV17fs
PLEKHG2,E143K S1197L P611L P1328L E143K S1197L P611L P1328L
PLEKHG2,HLQV963fs
PLG,V693V P271S L470F L721L E5K V693V P271S L470F L721L E5K
PLG,TK118fs
PLK3,RF124fs
PLOD1,EG709fs
PLOD2,H295Y H295Y
PLOD3,ELPQ475fs
PLPPR4,S482G S482G
PLVAP,D273N F31F R13W A67A D273N F31F R13W A67A
PLVAP,A292E A292E A292E
PLXNB1,R1859W P888S P478S L253L S760S R1859W P888S P478S L253L S760S
PLXNB1,-564fs
PLXNB2,ST212fs GYL209fs
PLXNB2,EG492fs
PLXNB2,745_746YG>*C
PLXNB2,YGGSP965fs
PMEPA1,GGRMEGP222fs
PML,P672R P672R
PMS2,H552R H552R
PMVK,R176R R141Q R176R R141Q
PNN,RDLIQDQN126fs
PNN,490del
PNP,P160S P160S
PNPLA8,S657F T460T S657F T460T
PNPLA8,*783*
PNPT1,L380V L380V
PODXL,SS519fs
PODXL,QS352fs
POLA1,846_847DP>ET
POLA2,P148L P148L
POLA2,DVLGCV550fs
POLA2,IE24fs
POLB,V103I V103I
POLE,P2088S P2088S
POLE,T279N T279N
POLG2,P294S P294S
POLH,R81C R81C
POLH,L29F L29F
POLL,F456F R57W F456F R57W
POLQ,P2320T P2320T
POLQ,S448Y S448Y
POLQ,S2233L 713_714MA>IS
POLQ,P1588L P1588L
POLQ,P1588L V1586L P1588S
POLR1C,EI134fs
POLR1C,V7M V7M
POLR2A,P1764S I419I P1764S I419I
POLR2A,I865M I865M
POLR2C,FT101fs
POLR2E,T152I T152I
POLR2H,DDGEYNPTD71fs
POM121,V1063V A974V V1063V A974V
POM121,E318D E318D
POMC,G188E D234N G188E D234N
POR,G12E V17A
POR,RE68fs
POSTN,R753Q *837* T417I R753Q *837* T417I
PPA1,W53C W53C
PPARD,F338F A65V F338F A65V
PPARGC1A,D695N S626L D218N G735R G752R R585K D695N S626L D218N G735R G752R R585K
PPARGC1A,S606N S606N
PPM1B,S221F S221F
PPM1D,LT482fs LT482fs
PPM1D,S400F P203S S400F P203S
PPM1D,CAKALTLR478fs
PPM1D,QK510fs
PPP1CA,D220N D220N
PPP1R3C,WDLQ110fs
PPP1R3C,R167Q R167Q
PPP2R1B,R272C R272C
PPP4C,L167F L167F
PPT1,P150F P150F
PRC1,115_116KE>N*
PRDM1,L280L G114E R651Q L280L G114E R651Q
PRDM2,P977P T697I T764I P977P T697I T764I
PRDM4,91_92TL>TL
PRDX2,T182S T182S
PRDX3,L97F L97F
PRDX6,-96fs
PREB,R357C R357C
PRF1,S273F R195K T93I E46K P18P S273F R195K T93I E46K P18P
PRIM2,C302Y
PRIM2,EEKTLREQ157fs
PRKAA2,E298K E235K E301K M453I G229S E298K E235K E301K M453I G229S
PRKAA2,DF538fs
PRKAB1,TG85fs G86fs
PRKAB1,SG25fs
PRKAR2B,R108Q R108Q
PRKCD,DK202fs
PRKCE,495_496MF>II
PRKCE,S135L S135L
PRKCE,41_42YI>*V
PRKCE,QG157fs
PRKCG,LG405fs
PRKCH,R373K R373K
PRKDC,L1401L
PRKDC,R2908Q
PRKDC,F1383Y
PRKDC,H3262H Y423C
PRKDC,L2343P L1173L
PRKDC,Y3042C
PRKDC,R2213R
PRKDC,A3729V N2269D Y1557S R1136H
PRKDC,E2012K E2009Q
PRKDC,K2716R
PRKDC,Q2049Q
PRKDC,S1902L
PRKDC,A3440A T2074T T965T
PRKDC,M2762fs
PRKDC,S3152C S3152C
PRKDC,G3977S D2057N
PRKDC,Q3378Q G1386V
PRKDC,L3199V Q1043E
PRKDC,R2157C L1622M L1063R
PRKDC,S3059F
PRKDC,G1276A
PRKDC,N3572S D3117G K1969K T980T
PRKDC,G2660R
PRKDC,M1742K
PRKDC,S3578P
PRKDC,L2096L
PRKDC,E3194D S1789*
PRKDC,D2418Y
PRKDC,M2039I
PRKDC,C2243Y
PRKDC,Y3613H
PRKDC,G2020C
PRKDC,V3984V A3944A R3334M A2718V D619Y
PRKDC,H1612R
PRKDC,V1878M
PRKDC,R1767Q
PRKDC,R2064C L224L F2460F R2064C L224L
PRKDC,P3531P
PRKDC,K2358T
PRKDC,S2052* L1414L
PRKDC,S2598N
PRKDC,D2712G
PRKDC,V1878V
PRKDC,K2220fs
PRKDC,S2054R
PRKDC,L4106L S2965C
PRKDC,T3598I
PRKDC,Q2863*
PRKDC,S3274R E3194D Y2298C G1795S S1553S Q399Q
PRKDC,A3861I D3586D Y2771C L1760V
PRKDC,P3213H
PRKDC,L1765F
PRKDC,T2663I
PRKDC,M2732I
PRKDC,R3246L
PRKDC,G2047E
PRKDC,A3614V
PRKDC,R3788R T1699A
PRKDC,R2939C
PRKDC,A2160G
PRKDC,Q2633fs
PRKDC,R3268R
PRKDC,L3815P K3680N S480S
PRKDC,A1748E L870I F63F
PRKDC,A3016D
PRKDC,L2509fs
PRKDC,Q3073*
PRKDC,N3604fs
PRKDC,L2738L
PRKDC,H3642fs
PRKDC,P2122S L1701L D1132N
PRKDC,G2708E
PRKDC,R2703fs
PRKDC,A2795A K4022fs
PRKDC,A2345A L1638L
PRKDC,R2537W L338P
PRKDC,Q2274E
PRKDC,I2510I
PRKDC,R1815H
PRKDC,T965T N3104fs
PRKDC,K2745fs
PRKDC,S2543F
PRKDC,E2584D
PRKDC,P617T P617T
PRKDC,V2399A
PRKDC,F3658V
PRKDC,F1813F
PRKDC,E2577K
PRKDC,E2489K L770L
PRKDC,C2396W
PRKDC,A1535A
PRKDC,P3599fs
PRKDC,S1656* N676H
PRKDC,L2816L
PRKDC,K3028E
PRKDC,A3719T
PRKDC,R2521Q E742*
PRKDC,E3699*
PRKDC,I3528V
PRKDC,D3569Y D2936N R2521Q F2460F R1151Q
PRKDC,P1246S R2157R
PRKDC,V2667G
PRKDC,G1354E
PRKDC,P3475A
PRKDC,P2851P V2381V
PRKDC,P3684P P2665P
PRKDC,A2345A
PRKDC,E3692K
PRKDC,C3285C
PRKDC,A1594V
PRKDC,A3440V A3337V K2417N S1659Y T1335T
PRKDC,1357_1358LL>LL
PRKDC,N1661D
PRKDC,L3655L
PRKDC,Q3568E Q1610H
PRKDC,A3510V N1956S S1408F
PRKDC,G3407G
PRKDC,V2854I K1894N T1568T E1050E E343D
PRKDC,S2054S
PRKDC,V2433V
PRKDC,I2889M
PRKDC,K4042N I3937I R2521Q S657F E159*
PRKDC,P2574L
PRKDC,M2219I S543Y
PRKDC,A1453S
PRKDC,V2241V M1870T
PRKDC,S3431*
PRKDC,Y1329H
PRKDC,V2768V
PRKDC,P2851S
PRKDC,D2263V V1388I A378T
PRKDC,G3860D M3653R E3638* R2521Q K1057N F683L
PRKDC,T1825A
PRKDC,S3535G
PRKDC,V3311M A1440A
PRKDC,F1194F P2672L
PRKDC,P3490L
PRKDC,A2316G
PRKDC,M1599V
PRKDC,V2747V
PRKDC,R2841S
PRKDC,F3658F
PRLR,D563N D435N E545K H513Y D563N D435N E545K H513Y
PRLR,P340S P340L E332*
PRMT3,P409L P409L
PRMT5,R100C S148F R100C S148F
PRMT5,G11W G11W G11W
PRNP,PK105fs
PROC,E327K E68K G15R A454T E327K E68K G15R A454T
PROP1,R112Q P176P R112Q P176P
PROS1,P290S P290S
PRPF3,S681T S681T
PRPF31,F122F S263L L155L F122F S263L L155L
PRPF31,KV471fs
PRPF4B,RK312fs K313fs
PRPS2,-166fs
PRRX1,K90K R95Q K90K R95Q
PRSS36,D242D E791E R269R R120C D242D E791E R269R R120C
PRSS36,*856*
PSAT1,P304S P304S
PSAT1,KGH333fs
PSEN1,S51P S51P
PSEN2,A252V A252V
PSEN2,ML90fs
PSIP1,KG75fs
PSIP1,AL376fs
PSIP1,PKRGR178fs
PSMA3,PF131fs
PSMA7,S150W S150W
PSMB10,RG9fs
PSMC3,KT125fs
PSPH,R73S R73W
PTBP2,R122C R122C
PTCD2,P12L P12L
PTCH1,P1412L P1302P P1306P P1302P P1306P P1412L
PTCH1,G1142R R63S
PTEN,VL317fs
PTEN,-46fs C136R
PTEN,KA327fs
PTEN,SKHKN59fs R233*
PTEN,DS301fs
PTEN,-74fs H93R
PTEN,EV157fs T160T D312fs
PTEN,YPFE88fs
PTEN,LK182fs
PTEN,LD23fs
PTEN,MF270fs
PTEN,C124R IP168fs PS169fs
PTEN,SE113fs
PTEN,R130Q ER307fs
PTEN,DHNPPQ92fs
PTEN,TK321fs
PTEN,YLL180fs LPV180fs
PTEN,D92E TL319fs
PTEN,NHVA117fs
PTEN,ER73fs
PTEN,VL317fs AN328fs
PTEN,EETS284fs
PTEN,YF336fs
PTEN,IHCKA122fs
PTGDS,S104S R108Q R156R S104S R108Q R156R
PTGDS,E90K E90K
PTGER2,K354Q AD356fs
PTGER4,D365Y D365Y
PTGIR,K297K R296C T100I K297K R296C T100I
PTGIS,E161K G484N E161K G484N
PTGS2,H212Y H212Y
PTH1R,G490R G490R
PTH1R,E574K R58K E574K R58K
PTHLH,L157L R144C L157L R144C
PTK2,G563V G563V
PTK2B,P296P S571F P296P S571F
PTPN14,T577A EM844fs
PTPN21,E452D E452D
PTPN6,E129K E129K
PTPRC,G391G
PTPRC,F1218F
PTPRC,Y548fs
PTPRC,R1109R
PTPRC,E351K
PTPRC,T317I
PTPRC,L685F
PTPRC,T494S
PTPRC,K502N
PTPRC,V1053V
PTPRC,F1049F
PTPRC,C535C A591S
PTPRC,R680C
PTPRC,T122T N135S D536N
PTPRC,E622K
PTPRC,G469R
PTPRC,R181C
PTPRC,D443N D688N P717S
PTPRC,G469E
PTPRC,M626T
PTPRC,K533E
PTPRC,K275*
PTPRC,K932Q
PTPRC,T167T A277V S1002S
PTPRC,Y597Y
PTPRC,Q656*
PTPRC,N378N
PTPRC,R1113Q Q899* P47L P512P S1304L R1113Q Q899* P47L P512P S1304L
PTPRC,S703*
PTPRC,E273* R415K
PTPRC,Q895Q
PTPRC,R751R
PTPRC,Q1117L
PTPRC,Q895H
PTPRC,N1238S Q1148Q
PTPRC,L871M
PTPRC,V527V
PTPRC,Q813Q
PTPRC,C258C
PTPRC,T639A
PTPRC,C398Y
PTPRC,W1025R
PTPRC,S456* L829F
PTPRC,L1269F
PTPRC,E362D Y363F
PTPRC,T451M
PTPRC,Q1233*
PTPRC,R1051R
PTPRC,E802D
PTPRC,K1089N
PTPRC,H307L A1265fs
PTPRC,G148R
PTPRC,S280F K780K
PTPRC,S766T
PTPRC,A481V
PTPRC,M473L
PTPRC,D436Y
PTPRC,R888R
PTPRC,S1160G
PTPRC,D878N
PTPRC,V877V L422F
PTPRC,C535C
PTPRC,D112Y E802* K1149N H1239N
PTPRC,E729*
PTPRC,IK440fs
PTPRC,A866A
PTPRC,R727R
PTPRC,H1290N
PTPRC,V279V
PTPRC,N698N
PTPRC,Q813*
PTPRC,S709S
PTPRC,G208E
PTPRC,A743V
PTPRC,L542R R933W
PTPRC,S589*
PTPRC,P666S
PTPRC,T451P
PTPRC,W739R
PTPRC,A582V
PTPRC,S569*
PTPRC,H568N T1096S T1174A
PTPRC,I1244S
PTPRC,D700H
PTPRC,F1102S
PTPRC,P686S T451T
PTPRC,S589P
PTPRC,T451T E69K
PTPRC,L422F F843F
PTPRC,A379T R1113Q F1196V
PTPRC,L1062L
PTPRC,E1153*
PTPRC,L902F
PTPRC,Q1197* G1154G
PTPRC,L357R
PTPRC,T451T
PTPRC,I1016M
PTPRC,K1235N
PTPRC,R736R
PTPRD,T820I T820I S363C S363C
PTPRD,G1638A G1638A
PTPRG,390_391NE>KK
PTPRG,G687E K892R G687E K892R
PTPRJ,P598L P598L
PTPRM,R399C R399C
PTPRR,D220N K545M G351G P305L M402I G175R G513R D220N K545M G351G P305L M402I G175R G513R
PTTG1,A110V A110V
PVALB,6_7LL>LL
PVT1,WT
PYGL,L345L L532L F373F I463I P737S F710F V416V L345L L532L F373F I463I P737S F710F V416V
PYGM,R823R G705R R823R G705R
QSOX1,L712I L712I
RAB17,R18C R18C
RAB22A,SI139fs
RAB22A,E146A E146A E146A E146A
RAB31,AK150fs
RAB3GAP1,ER525fs
RAB40C,SP268fs
RAB5A,A176T A176T
RABEP1,R185W R185W
RABEPK,P189L P189L
RABGAP1,SV493fs
RABGAP1,*1070*
RACGAP1,D30Y A352V
RACGAP1,R33C E119K
RACGAP1,*633*
RACGAP1,H17R I295F
RAD21,LL59fs
RAD21,YK215fs
RAD23B,S189Y S189Y
RAD50,D69N AVLNN149fs
RAD51AP1,D202V D202V
RAD54L,M442T M442T
RAD9A,S140L S140L
RAD9A,235_236NL>KV
RALGDS,-667fs
RAN,VT96fs
RANBP1,KEKGAIRLL81fs
RANBP10,S367R S367R
RANBP10,RQ295fs
RANBP10,P366F P366F
RAP1GAP,T389M T389M
RAP1GDS1,P326L P326L
RAP1GDS1,V451L V451V
RAP1GDS1,MCLV201fs
RAP2B,TAGT58fs
RAPGEF3,E705K A110A E788E P375S E705K A110A E788E P375S
RAPGEF3,*924*
RARA,VRKAHQETF191fs
RASA1,A927S A927S
RASA1,IFLHEKL759fs
RASA1,LG146fs
RASA1,YL204fs
RASA1,QHFSE546fs
RASA2,S432S R511C S432S R511C I123fs I123fs
RASAL2,L129L S615S
RASAL2,S578F R1115C S578F R1115C
RASAL2,E805K E805K
RASGRP1,S314L S314L
RB1,RCEHRI552fs
RB1,KLE164fs
RB1,SD393fs
RB1,LRIPGG797fs
RB1,HL549fs
RB1,L550I L550fs
RB1,LSPI779fs FVTK779fs
RB1,NL316fs
RB1,FH482fs HMS483fs
RB1,FS162fs
RB1,-165fs
RB1,KE136fs
RB1,ES559fs
RB1,KQ574fs
RB1,KHLERCEHR548fs
RB1,M761L LIKE743fs
RB1,TR271fs
RBBP7,GG370fs
RBL1,AKR656fs
RBM38,P220L P220L
RBM4,-178fs
RBM5,V803V P300S V803V P300S
RBP1,G162D G162D
RBPJ,P26S P26S
RBPJ,QT196fs
RCE1,SS79fs
RDH16,S116F V309V S116F V309V
RDH16,P121S P121S
REG1A,FV160fs
REG1A,57_58WV>*I
REG1A,80_81EG>DC
REL,M506I M506I Q593*
RELA,PVRVS265fs
RELN,2713_2714FH>LD
RELN,E423K E423K
RELN,GCGV1097fs
RELN,E2002K E2002K
RELN,F2782F *3461*
RELN,R1385I R1385I
RET,R330Q R330Q
RETN,G58E G58E
RETSAT,H207Y H207Y
REV3L,RA2711fs
REV3L,E663K E663K
REV3L,DL1836fs
REV3L,CD3045fs
RFC1,R771C R771C
RFC1,TY105fs
RFC1,R49C R49C
RFC3,R275C R275C
RFC3,RSRCLAVRVP176fs
RFC3,347_348ME>IK
RFC5,I154T I154T
RGN,A298V A298V
RGS1,E25K S68S M65I E25K S68S M65I
RGS4,S38F S38F
RGS4,E86K E86K
RHAG,A350T E161K L126L A350T E161K L126L
RHBDF2,R119C R119C
RHCE,D197N L364F F79F E369K D197N L364F F79F E369K
RHOA,R5W R5W
RHOA,*194* E172Q
RHOA,*194* R168T
RHOD,R82Q R82Q
RHOF,E140K E140K
RHOH,E135K E135K
RHOT1,A83V F362F A83V F362F
RIBC2,L22F L22F
RICTOR,LS717fs
RICTOR,R401C D495D F1045F R401C D495D F1045F
RIOK3,I325I S112F I325I S112F
RIPK1,A270S A270S
RNASEL,G18S G18S
RNASEL,*742*
RND3,S158F S158F
RND3,NK202fs
RNF123,R708P R708P
RNF19A,P451L P451L
RNF213,TK4114fs
RNF213,L2638F P3239P L2638F P3239P
RNF213,I402F H4449Y I402I
RNF213,3507_3508ME>IK
RNF31,AP444fs
RNF4,S30A S30A
RNMT,S335L E397Q P319L S335L E397Q P319L
ROCK1,S1165F S1165F
ROS1,P1539S H989Y E1990E A1180T E2308K P1539S H989Y E1990E A1180T E2308K
RPLP0,39_40QM>HL
RPN1,V131M V131M
RPS14,I33M I33M
RPS5,S187F S187F
RPS6KA1,IP366fs
RPS6KA1,D390N D390N
RPS6KA2,F156L F156L
RPS6KA2,A96T A96T
RPS6KA3,V527I V527I
RPS6KA5,A79V A79V
RPTOR,NF1098fs
RRAD,Y127C Y127C
RREB1,312_313EQ>D*
RREB1,Y678S S903L Y678S S903L
RREB1,HEKDPNSA147fs
RREB1,SAI463fs
RRP8,P24L P24L
RSAD2,P66S P66S
RSL1D1,P107S S445L P107S S445L
RTN3,ND330fs
RTN3,S460F P911L S869F S460F P911L S869F
RTN3,558_559LV>FF
RUVBL2,315_316AL>AL
RXRB,*534* G294E
RXRG,216_217SR>R*
RXRG,A338A R206K A338A R206K
RYR1,S1192I S1192I
RYR1,E2573Q E2573Q
RYR2,L2161I L2161I
RYR2,M4012I K1219K 2069_2070WA>*T D4896N F4297F R2198C E3066E Q3925* L488L S139L E4151K E4219K M4012I K1219K 2069_2070WA>*T D4896N F4297F R2198C E3066E Q3925* L488L S139L E4151K E4219K
RYR2,1018_1019YG>*C P1899S
RYR2,G2340G 4367_4368KE>N*
RYR2,VL4768fs
RYR2,H621Q 3215_3216ME>I* R4144H
RYR2,NF4787fs
RYR2,E2959Q E2959Q
S100A1,G68R G68R
S100A12,E6K E6K
SAMD9L,1432_1433LL>LL Q1212* L1038V
SAMD9L,S1056F R597K S1056S
SAMD9L,D713N E1574K R359R A1386A R1076K S1117F E345K A1529T G1510E S231L D713N E1574K R359R A1386A R1076K S1117F E345K A1529T G1510E S231L
SAMD9L,ER1563fs
SAMHD1,LAR224fs
SAMM50,G94E G94E
SAT1,K119fs
SAT1,E91K
SAT1,S85R
SAT1,A45V
SATB1,R648Q P629P L307L L100L D22N P180L R648Q P629P L307L L100L D22N P180L
SCAF4,RE1066fs
SCAF8,P1136S P1136S
SCARB1,S527F S527F
SCG3,P64L E273K E35K K384K S30F P64L E273K E35K K384K S30F
SCN10A,R1263P R1263P
SCN8A,G1737G R1309Q E913K E1607K G1737G R1309Q E913K E1607K
SCN8A,R696T R696T
SCN8A,-1456fs
SCN8A,D1127Y D1127Y
SCN9A,A524T A524T
SCN9A,EWI927fs
SCN9A,FV589fs
SCNN1A,F102F K517K F278F F581F R201C F102F K517K F278F F581F R201C
SCNN1A,*670*
SCP2,G63G T248T
SCUBE1,S811F V598V G277G G671R S811F V598V G277G G671R
SCUBE2,CL102fs
SDC1,*311*
SDC1,106_107VL>VL
SDC4,L164L H88Y L164L H88Y
SDF2L1,R183C R183C
SDHC,142_143GL>GL
SEC14L1,251_252LT>FS
SEC24D,P166L R907C P166L R907C
SECTM1,R124K S25F R124K S25F
SELE,E509K P437P S320F K438K G479R S66L G353E E462E E509K P437P S320F K438K G479R S66L G353E E462E
SELENBP1,RT91fs
SELL,164_165KA>NS
SELL,R67K R67K
SELP,CQ163fs
SELP,L791L G543E K144K L791L G543E K144K
SEMA4D,I712I P518S I712I P518S
SERPINA1,M244I Q42Q G319E F276F M244I Q42Q G319E F276F
SERPINA10,D319N G163R P24S D319N G163R
SERPINA3,E257K S319L E388K R300K E257K S319L E388K R300K
SERPINB5,E61K T108T E61K T108T
SERPINB8,P232L P232L
SERPINC1,G411S K61K G411S K61K
SERPINC1,S11F S11F
SERPINE1,TT116fs
SERPING1,E85K M383I E85K M383I
SESN1,IKTVVCTPE437fs
SET,E263K R192R E263K R192R
SF3A1,P79S I71I P79S I71I
SF3A3,46_47MQ>I*
SFPQ,N384S N384S N384S N384S
SFRP1,V312M V312M
SFRP1,E141K E141K
SGCA,E137K E137K
SGCD,R32Q R32Q
SGCG,H229Y H229Y
SGMS1,S53F D35N E131K S53F D35N E131K
SH2B1,P191L P191L
SH2B1,P634L P634L
SH2B2,Q483*
SH2B2,I328S
SH2B2,K313K
SH2B2,P284S
SH2B2,P473L P473L
SH2B2,V59I
SH2B2,H534L
SH2B2,G544N
SH2B2,G241G
SH2B2,C347C
SH2B2,E42K
SH2B2,R474G
SH2B2,E490K
SH2B2,A55T
SH2B2,S450F
SH2B2,P473L
SH2B2,D349D
SH2B2,E322Q
SH3BGR,P117S P117S
SH3BGR,LG54fs
SH3GL2,P112S M207I P112S M207I
SHE,V222V R302K V222V R302K
SHOX2,G209E G209E
SHOX2,*332*
SHROOM2,R811S R811S
SHROOM2,P809L L774L P809L L774L
SHROOM2,859_860EK>DE
SHROOM2,PA1236fs
SIAH2,70_71QH>HD
SIDT1,F315F P140L F315F P140L
SIPA1L1,N1712S PN1271fs
SIPA1L1,T1190I G1383D S531F S1428F I1111I T1190I G1383D S531F S1428F I1111I
SIPA1L1,D1374H D1374H
SIPA1L1,PK725fs
SIRPA,95_96DL>EF
SIRT1,292_293DP>ES
SIRT2,T63I T63I
SIRT6,T263P T263P
SIT1,D111N D111N
SKAP2,L144F L177L L144F L177L
SKIL,QK448fs
SLAMF1,E109K E109K
SLAMF7,G156E R212R G156E R212R
SLAMF7,236_237LL>LL
SLC11A2,AL506fs
SLC12A4,138_139FL>FL
SLC12A4,549_550KV>NL
SLC16A1,P155S P155S
SLC16A1,G417E G417E
SLC16A7,G84D F258F G84D F258F
SLC19A1,T320M T320M
SLC19A2,P87L P87L
SLC1A1,N43S E345K N43S E345K
SLC1A2,E376Q E376Q
SLC1A2,TFR371fs
SLC1A2,M86I R17Q M86I R17Q
SLC20A1,S420F S420F
SLC20A1,*680*
SLC20A1,EK273fs
SLC22A1,SP285fs
SLC22A4,R393Q R393Q
SLC23A1,E134K E134K
SLC23A2,210_211PR>PR
SLC24A3,L244F F132F S209S D431N E410K D429N E423K I183I L244F F132F S209S D431N E410K D429N E423K I183I
SLC25A1,D120N D120N
SLC25A11,P284S P284S
SLC25A12,140_141NR>KW
SLC25A12,HFGHNR136fs
SLC25A13,E572D E572D
SLC25A17,264_265MG>I*
SLC25A19,C124R C124R
SLC25A19,P75S P75S
SLC25A37,L261F L261F
SLC25A38,H119Y H119Y
SLC26A2,S477S A715T S477S A715T
SLC27A1,RMAAFGH268fs
SLC27A2,G569E G569E
SLC27A2,*621*
SLC29A3,L365F P114P S420A L365F P114P S420A
SLC29A3,IY186fs
SLC2A1,-220fs
SLC2A2,V355V P431S G489E V355V P431S G489E
SLC2A2,MLWSL95fs
SLC2A4,GE13fs
SLC2A4,S103F S103F
SLC2A4,445_446MG>IW
SLC2A5,S41S F213F P91P P409L P373L S41S F213F P91P P409L P373L
SLC2A5,62_63ME>I*
SLC2A8,A335V A335V
SLC30A1,L253F L253F
SLC30A1,IKDVF403fs
SLC30A1,ESA338fs
SLC31A1,S14F S14F
SLC31A2,K44N K44N
SLC35B1,T275A T275A
SLC35B2,KM296fs
SLC35B2,HS334fs
SLC37A1,P351P Y129F P351P Y129F
SLC38A1,*488*
SLC3A2,S575L S575L
SLC46A3,P415S S366F R377C D173D P415S S366F R377C D173D
SLC4A1,E906K E906K
SLC4A4,R554C F769F R554C F769F
SLC6A12,P63S G97D P63S G97D
SLC6A14,IF365fs
SLC6A14,G210E S158L G210E S158L
SLC6A14,W327L W327L
SLC6A3,-90fs
SLC6A8,194_195SL>SL
SLC6A9,L58F A365A S38F L58F A365A S38F
SLC7A11,E162K E162K
SLC7A11,P25L P25L
SLCO1A2,G136R G274R P605P G136R G274R P605P
SLCO2A1,E301K V247V S67N E301K V247V S67N
SLIT1,A1253A S1233F P325S F453F I538I A1253A S1233F P325S F453F I538I
SLIT2,FI432fs
SLIT3,S380F D638N G1199E E715K I569I P264L V1176I Q691Q F81F E1072K G855E R75R K85K E1512E G147G R573Q V1169V K481K S380F D638N G1199E E715K I569I P264L V1176I Q691Q F81F E1072K G855E R75R K85K E1512E G147G R573Q V1169V K481K
SLIT3,ES716fs
SLPI,P129L P129L
SMAD5,Q444*
SMAD5,P456S P456S
SMAD5,P456L
SMAD5,S464L
SMAD6,V426V P474L V426V P474L
SMARCC1,P997L D707D P997L D707D
SMARCC1,R724Q R724Q
SMARCC1,E778Q E778Q
SMC1A,EE953fs
SMC2,RG566fs
SMC2,A703G A703G
SMC6,S10F S10F
SMC6,RT232fs
SMOX,RG301fs
SMTN,R520W R520W
SMURF1,E402K E402K
SMURF2,H318N H318N
SMURF2,I560V I560V
SNAP25,G158E G158E
SNAP91,P825S P825S V253D
SNAPC4,P290H P290H
SNAPC4,A838V A838V
SNCB,E104K E104K
SNRPA,48_49SL>SL
SNRPB,T143T P232T T143T P232T
SNRPD2,VK36fs
SNTB1,G124G D420N G124G D420N
SNTB1,E119Q E119Q
SNX14,P151S P456S P151S P456S
SNX24,P150S P150S
SOAT2,203_204LL>LL
SOCS5,P380S P380S
SOCS5,S416Y S416Y
SORBS1,S824S R1047* R256H
SORBS1,S824R S475Y
SORBS1,P90S P292S R503C A75A P90S P292S R503C A75A
SORBS1,S811P S1105P
SORBS2,R346R E675K G859E S472F E680K R431C R346R E675K G859E S472F E680K R431C
SORBS2,D1069N D1069N
SOS1,P193L P193L
SOS1,31_32QG>HW
SOX3,299_300MH>IY
SOX9,S494N S494N
SOX9,EG255fs
SOX9,*510*
SP1,A34A A34A ASLVS308fs ASLVS308fs
SP1,*786*
SP110,R638Q P142S R638Q P142S
SPAG5,P462S P462S
SPAG5,FL921fs
SPAG5,LE202fs
SPARCL1,E303K E303K E78Q E78Q
SPARCL1,S282T D139N S282T D139N
SPATA6,QQPRG432fs
SPC25,P169L P169L
SPC25,K129R K129R
SPEG,1821_1822FL>FL
SPEG,AG992fs
SPEG,F1413L F1413L
SPEG,SS2774fs
SPHK1,S266L S266L
SPHK1,GVLPRP9fs
SPI1,S131L S131L
SPOCK1,P71L P71L
SPOCK2,E405K E405K
SPOP,-16fs
SPOP,S55C S55C P10T
SPP1,E253K E253K
SPPL2A,NS117fs
SPRED2,P267L P267L
SPRY2,P144S P144S
SPSB1,K68R K68R
SPTA1,D1672H 413_414QQ>H*
SPTA1,281_282KE>N*
SPTA1,E1226K E1226K
SPTAN1,G1837R G1837R
SPTAN1,R685C R685C R685C
SPTB,2126_2127WE>*K
SPTB,G386G K729K E2088K R995R D1505D L1782L L444L T368T E1237K R429Q I696I E401K V1607V A466T S1707L G386G K729K E2088K R995R D1505D L1782L L444L T368T E1237K R429Q I696I E401K V1607V A466T S1707L
SPTBN1,P354F I660I V767V P354F I660I V767V
SPTBN1,1998_1999KR>NW
SPTBN2,QAEVKKH1624fs
SQLE,G170S G170S
SRC,A141T A141A
SRD5A1,CF227fs
SREBF2,S757S P135L S757S P135L
SRP14,A134T A134T
SRPK1,DS412fs
SRPK1,S413F S413F
SRPK1,L474L
SRSF1,RV122fs
SRSF1,L23S L23I
SRSF2,S15F S15F
SRSF2,K52N K52N
SRSF6,R107C R107C
SS18,P341L P377P P341L P377P
SS18,399_400QP>HS
SSB,SK331fs
SSBP1,V33M R11C 42_43DP>ES
SSH2,SQ1163fs
SSR3,Y77C Y77C
ST14,H164H L265F H164H L265F
ST14,R696C R696C
ST3GAL6,249del
ST3GAL6,-311fs
ST6GAL1,165_166WE>*K
ST6GAL1,G191R G191R
STAB1,R1938K R624K E117E G557S P1139S L1173L R1817Q R1938K R624K E117E G557S P1139S L1173L R1817Q
STAB1,VG967fs
STAB1,S409S G2495E G2495R
STAG1,P1128R P1128R
STAG3,929_930LL>LL
STAG3,873_874LL>LL
STAM,EL181fs
STARD3,GYL151fs
STARD3,LK410fs
STARD4,M180I P159L M180I P159L
STARD4,I173V I173V
STARD7,A194V A194V
STAT1,P27S P27S
STAT3,T440I T440I
STAT4,G96E G96E
STAU1,K195E K195E
STC1,R208Q R208Q
STEAP4,G26E R237C G26E R237C
STEAP4,AHT396fs
STIL,NLKPS1221fs
STIL,S395C S395C
STIL,T1119I S76L T1119I S76L
STIL,NHLLNS946fs
STRN,DSGEDRD274fs
STS,A34V A34V
SUCLG1,GL20fs S18R
SULT1A1,S183S D120N D134N S214S G17R P254L S183S D120N D134N S214S G17R P254L
SULT1B1,T85I T85I
SULT2B1,D19N D19N
SUPT5H,P934S L433L T762I F499F L433L P934S T762I F499F
SUPV3L1,P745S P745S
SWAP70,EE572fs
SWAP70,S65F S65F
SYBU,R64C R64C
SYCP1,RK964fs
SYCP1,K443K S374L E509K E675K F73F E556K K443K S374L E509K E675K F73F E556K
SYCP1,S496L S496L
SYCP1,LLE288fs
SYK,E362K R217C A286A E362K R217C A286A
SYK,QG31fs
SYK,A146G A146G
SYMPK,L793L I588I T435T P1244L L793L I588I T435T P1244L
SYNCRIP,KG117fs
SYNCRIP,NR285fs NR285fs
SYNE1,R8110H R8110H
SYNE1,7406_7407MA>IS
SYNE1,R7429K K1907K F1214F S5133L S1947F R6755Q L145L V69V H771H D6036N H2786Y E589K S576L E24K S6290S R7429K K1907K F1214F S5133L S1947F R6755Q L145L V69V H771H D6036N H2786Y E589K S576L E24K S6290S
SYNE1,E5379Q E5379Q
SYNE1,HR5758fs I4583V R4445I T1515A
SYNE1,3080_3081LV>FF
SYNE1,6455_6456ED>DY
SYNJ1,S1041S S471F P714S S1041S S471F P714S
SYNJ1,*1574* R534*
SYNJ2,A1173V A1173V
SYNJ2,L1036L H619Y L1036L H619Y
SYNPO,S899F S899F
SYT11,YG338fs
SYT12,S234N G379S P224L S38N S234N G379S P224L S38N
SYTL2,RV32fs
TACC3,DP393fs
TACC3,A479V A479V
TACC3,RSK786fs
TACC3,FKRFEKQ726fs
TACR1,L138F L138F
TACR3,L51H V125V S380F S455N L51H V125V S380F S455N
TAF1C,P547S P547S
TAL1,K221K A206V K221K A206V
TAOK2,578_579AL>AL
TAOK2,AG1065fs
TAOK2,I315F I315F
TAP1,S534Y S534Y
TAP1,NS736fs
TAP2,P461S P461S
TAT,-374fs
TAT,E304K R333C P423L R37K V422V *455* E304K R333C P423L R37K V422V *455*
TATDN2,S98S P34S A134A S98S P34S A134A
TBCD,AF102fs F103fs
TBCD,T345P T345T
TBK1,P48L P48L
TCEA1,R190T R190T
TCF7L1,*589*
TCF7L2,P231S P231S
TCHH,E858E 1052_1053EE>DK R557K
TCHH,F74F R442K L37F R1756C E637E E1521K L1393F E1405K E523K F74F R442K L37F R1756C E637E E1521K L1393F E1405K E523K
TCHH,L339E RCQER1400fs
TCHH,K591R K591R
TCL1A,L108F L108F
TCL1A,*115*
TCN2,YR343fs
TCOF1,P319L P319L
TCP11,E501K E501K
TDO2,S319L S319L
TDRD7,L667L P40S L667L P40S
TEAD4,S183F S183S
TENM2,R1853Q R1853Q
TENM2,E2729K S1635F P2245L S977S T2420T T1660T E516E M2051I S572L S1065S R497K T532T S2439F G2023G G325R E2729K S1635F P2245L S977S T2420T T1660T E516E M2051I S572L S1065S R497K T532T S2439F G2023G G325R
TES,E185K E185K
TES,ML129fs
TEX15,S401L G728G E984K E430K D1671N E428K D1272N A1262A S401L G728G E984K E430K D1671N E428K D1272N A1262A
TEX15,E705K E705K
TF,K452T K452T
TFAP2B,386_387IL>IL
TFAP2C,M218I M218I
TFAP2C,ECLN255fs
TFCP2L1,304_305HL>HL
TFDP1,305_306MA>IS
TFDP2,318_319MG>I*
TFDP2,361_362QG>H*
TFF3,A47V
TFF3,P9R
TFF3,A90T
TFPI,R140R G252E R140R G252E
TFPI2,R222C R222C
TG,E2240Q E2240Q
TG,S2546F P677S P335L P656L Q2544Q G1650E L862F P2475S L154L F271F G852E A2002A S2546F P677S P335L P656L Q2544Q G1650E L862F P2475S L154L F271F G852E A2002A
TG,R1549W R1549W
TG,IQ821fs
TG,SLDSWQSLAL2089fs
TGFB2,S269F S269F
TGFBI,127_128KL>KL
TGFBI,T139T L404F T139T L404F
TGFBR2,HL360fs
TGIF2,TL165fs
TGIF2,R73W R73W
TGM2,R76C R19Q R76C R19Q
TH,P4L P63S P4L P63S
THBD,SY305fs
THBS1,S1046F T955T D487H L409L G471G L845L D407N K919K S1046F T955T D487H L409L G471G L845L D407N K919K
THBS1,G452S I199F M469I P22S I199I R1018K
THEG,G10R P215L D311N G10R P215L D311N
THNSL2,V282V R83G P412L V282V R83G P412L
THRB,A187V A433A P141S R189R A187V A433A P141S R189R
THSD4,V754M V754M
THSD4,S749L R232C E809K R541R V218V R699C G479E S749L R232C E809K R541R V218V R699C G479E
THSD4,D407N D407N
THY1,L127R L127R
TIAL1,F237F P202L F237F P202L
TIAM1,H847Y E1047K E330K R653C E952K R620C G1086E A1003V H847Y E1047K E330K R653C E952K R620C G1086E A1003V
TIMELESS,A430V A430V
TIMP2,TAP91fs
TIMP3,AP199fs
TIPIN,D261H D261H
TJP1,L69V L69V
TJP1,P646L I478I R608C P646L I478I R608C
TJP1,HPSAGPK1178fs
TJP3,Y604Y G166D R581C S71S G223D Y604Y G166D R581C S71S G223D
TJP3,SF477fs
TKT,R438W R438W
TKTL1,P262S P262S
TKTL1,KLIES246fs
TLE4,S419L S206L P293L S419L S206L P293L
TLE4,254_255LV>FL
TLE4,SCCSD594fs
TLK1,TIL688fs
TLK1,D442N D442N
TLR2,S543S S188N P47L S543S S188N P47L
TLR2,NY110fs
TLR2,L672V L672V
TLR3,WG11fs
TLR3,P368S A491A P368S A491A
TLR7,L70F L70F
TM4SF1,CG84fs
TM7SF3,P261L P261L
TM7SF3,I342M I342M
TMCC2,P35F P35F
TMEM140,LG80fs
TMEM176A,L133F L133L
TMEM50A,S2F S2F
TMEM8B,R142K F352F R142K F352F
TMEM97,RK173fs
TMPO,H447Y H447Y
TMPRSS2,S61F S61F
TMPRSS6,K120N E735E T535T K120N E735E T535T
TMX1,RTKK118fs
TNC,SQQ943fs
TNC,D2049N G1260E E177K G2G S1548F R2098R E1787K D2049N G1260E E177K G2G S1548F R2098R E1787K
TNFAIP2,V347L V347V
TNFAIP2,KG619fs
TNFAIP3,T155M RR364fs
TNFAIP3,HRY44fs
TNFAIP3,PQ7fs
TNFAIP3,RR364fs
TNFAIP3,TH322fs
TNFAIP6,S251F S251F
TNFAIP8,*199*
TNFRSF11B,P46S P46S
TNFRSF18,P95S P95P
TNFRSF18,G123S G123S
TNFRSF1A,T164I P333P E200E T164I P333P E200E
TNFRSF21,P215S P215S
TNFRSF4,D249N D249N
TNFRSF8,E94K R23Q E94K R23Q
TNFRSF9,N17N G168R N17N G168R
TNFSF15,R89K E122K E241K F218F R89K E122K E241K F218F
TNFSF9,TG121fs
TNIP1,E131K E131K
TNNC2,K91N K91N
TNNI1,D96N D96N
TNNI3,E124K E124K
TNNT1,E121K E123K E121K E123K
TNNT3,92_93AR>AR
TNPO2,S190S P701L S190S P701L
TNRC6B,PK373fs
TNRC6B,RR590fs
TNRC6B,H1033Y N1797N H1033Y N1797N
TNS1,P1178L S920F F1195F P1178L S920F F1195F
TNS1,PSLGRHPGA1270fs
TOB1,IH58fs
TOB1,IF275fs
TOB1,NS194fs
TOP1,P393S P393S
TOP1,TQREKF747fs
TOP1,R708Q R708Q
TOP2A,K1199E K1199E
TOP2A,SV29fs
TOP2A,S812F S812F
TOP2A,-202fs
TOPBP1,G728E G728E
TOPBP1,E28K E28K
TP53,348_349LE>F*
TP53,R273H R273H
TP53,N268Y R267R N268fs
TP53,R175H R175H
TP53,KKPLDGE320fs
TP53,R280K R280K
TP53,KTCP139fs
TP53,R248W R248W R248W R248W
TP53,M237I M237I
TP53,SSCM240fs
TP53,KM132fs
TP53,D281Y D281Y
TP53,RRP248fs
TP53,R273C R273C
TP53,P152L P191L P152L P191L
TP53,160_161MA>IS
TP53,HYN233fs
TP53,PP222fs
TP53,LM43fs
TP53,L130V L130V
TP53,E258Q E258Q
TP53,RDRRTEE280fs
TP53,TCP140fs
TP53,KG292fs
TP53,PSQKTYQGSYGF98fs
TP53,G302V GS302fs
TP53,R175H R175H R175H
TP53,Q136E Q136E
TP53,PS98fs
TP53,RN209fs
TP53,V216M V216M
TP53,P151A P151A
TP53,DRR281fs
TP53,DIEQWF49fs
TP53,RL110fs
TP53,C176F C176F
TP53,KKPL320fs
TP53,R282W SWPL90fs
TP53,-222fs
TP53,SWPLSS90fs
TP53,LRK289fs
TP53,P151H P151H
TP53,PK318fs
TP53,PAPA85fs
TP53,A159V -278fs
TP53,YEPP220fs
TP53,G266E G266E
TP53,E286A E286A
TP53,LI194fs
TP53,QLWVDSTPPPG144fs
TP53,VQLWVDSTPPPGTR143fs
TP53,HS214fs
TP53,PPPGTRVRA151fs
TP53,HMTEV168fs
TP53,R282W FR212fs
TP53,AAPTP78fs
TP53,REL342fs
TP53,KT139fs
TP53,C229F C229fs
TP53,NTFRHSVV210fs
TP53,EP221fs
TP53,HLI193fs
TP63,L646V V334V L646L T112T
TPD52L1,R133C R133C
TPM2,R160C R160C
TPM2,LQK110fs
TPM3,Y163H Y163H
TPSAB1,GCAQPN247fs
TPST2,S191F S191S
TPX2,P291L E507K P423H R337Q P291L E507K P423H R337Q
TRA2B,208_209MG>IW
TRAF1,R373K L307L R373K L307L
TRAF2,S378F S378F
TRAF2,SF455fs F456fs
TRAF4,R15G R15G
TRAIP,F417F P325L P353S F417F P325L P353S
TRAK2,P768S P768S
TRAT1,D68N E35K D68N E35K
TRIB1,A28T V46I R50*
TRIB1,R6Q R6Q
TRIB1,K130T R67H
TRIB1,G152L F139S
TRIB3,P300L P300L
TRIB3,R289C R289C
TRIM28,L376L L376L S437C S437C
TRIM29,E64K S562F P390L R77Q F70F E64K S562F P390L R77Q F70F
TRIM29,R78L
TRIM5,P269L P269L
TRIO,R2834R FP2473fs P2474fs
TRIO,R2140M FP2473fs
TRIP10,V386A DP491fs P492fs
TRIP10,EPQI444fs
TRIP13,P13S P13S
TRO,F919F T1115I F482F F919F T1115I F482F
TRO,SFSSEASISFG804fs
TROAP,P695S P695S
TROAP,AP773fs
TSC1,EVYLV174fs AKSIS173fs
TSC1,RKVI721fs
TSC1,RLLR718fs GSSG718fs
TSC2,VAAYSASLED550fs
TSC2,NDSGEDF1651fs
TSC22D1,P254L P254L
TSC22D1,S637Y S637Y
TSG101,YR17fs
TSHB,E32K E32K
TSPAN8,M228I M228I
TSPYL2,EG81fs
TST,R281C S290S R281C S290S
TTC39A,G221R L108L G252E E558E G221R L108L G252E E558E
TTC39B,E241K I510I E241K I510I
TTK,D763H D763H
TTK,DWLSLLL64fs
TUBA3C,P184T P184T
TUBA3C,G81E G57E F395F G81E G57E F395F
TUBA4A,R84Q R84Q
TUBB,V119M V119M
TUBB,MSG233fs
TUBD1,R37T R37T
TUBD1,P113L P113L
TUBG1,GN14fs
TUBGCP3,L367F L367F
TUBGCP5,S1006S R272W F551F S1006S R272W F551F
TUBGCP5,KNCH988fs
TUBGCP5,R10W R10W
TUBGCP5,274_275TL>TL
TUBGCP6,E1589K E1589K
TUBGCP6,L331F L1321L R774W R736C L331F L1321L R774W R736C
TWSG1,P79S P79S
TWSG1,IPSLFR100fs
TXNIP,TK139fs
TXNIP,L386F L386L
TXNIP,SS235fs
TXNIP,EK165fs
TXNRD1,L165F L165F
TXNRD1,VY88fs
TXNRD1,VG24fs
TXNRD1,K154M K154K
TXNRD2,Y392Y A348V I320I
TXNRD2,P75L P75S
TYK2,M115I M115I
TYR,R501C R501C
TYR,137_138YL>*F
TYRO3,G68R G68R
UBC,T207A KE139fs
UBC,P171L P247L P171L P247L
UBC,R378T R378T
UBC,GIPPDQQRL111fs
UBE2D3,P17L P17L
UBE2E1,P164R P164R
UCHL5,H140R H140R
UGDH,S63F S63S
UGP2,FN188fs
UNC13B,P391L A717V S1408L P391L A717V S1408L
UNC5C,P345S G806R D709N G329E P345S G806R D709N G329E
UNC5C,A628T A628E
UPB1,E45K E45K
UPB1,*385* F125Y
UPF3B,DR254fs
UPK3B,F115F P148L F115F P148L
UPK3B,MG311fs
UPP1,-298fs L298fs
UROD,EE114fs
USH1C,S463F R31Q G139R S463F R31Q G139R
USO1,A178V G188G G255D
USO1,T296I I971T
USO1,S475Y
USO1,S275C
USO1,I405I
USO1,T662I
USO1,F212F L4I F212F L4I
USO1,M261I
USO1,K651K
USO1,Q680L
USO1,V189V
USO1,K851R
USO1,L177V G470D L921I
USO1,E839D
USO1,V159L
USO1,Q316Q
USO1,E750Q
USO1,H620Y
USO1,Q821L
USO1,C234S
USO1,R290C S557L R669Q
USO1,I331T
USO1,K624K
USO1,I637M
USO1,H62Y
USO1,R753L
USO1,Y568* M569fs
USO1,F212F
USP15,P943S P943S
USP8,R780C R780C
UTP20,E2586K E2586K
VAMP7,P99L R10R P99L R10R
VAV2,V311I V311I
VAV2,P332F P332F
VAV2,P808S P808L
VAV3,R193Q R193Q
VAV3,R312T R312T
VCAM1,E305K G581R E362K G581R E305K E362K
VCAN,P2828L P2344L F2206F E1727E S2499S E350E F263F D2964N P2000S E807K E2867K P50P P2828L P2344L F2206F E1727E S2499S E350E F263F D2964N P2000S E807K E2867K P50P
VCAN,N3147T N3147T
VCAN,LIMPDN609fs
VCAN,EQ2136fs
VCPIP1,87_88EV>DL
VEGFC,M418R M419fs
VEGFC,R210Q R300W R210Q R300W
VEZF1,PTPMTLAAP489fs
VHL,-148fs
VHL,*214fs
VHL,LWLF116fs
VHL,RP60fs
VHL,DG143fs
VHL,LWLFRD116fs
VHL,RC161fs
VHL,DI179fs
VHL,FD91fs
VHL,PE172fs
VHL,RS167fs
VHL,GT104fs
VHL,PVL61fs
VHL,FAN148fs
VIP,E160K E160K
VIP,K101T K101T
VIPR1,L456L G109S G427S L456L G109S G427S
VLDLR,V502A V502A
VPS4B,313_314HL>HL
VPS4B,E293A E293A
VPS4B,R252H R252H
VWA5A,R636C C199C S584F R636C C199C S584F
VWF,D1742N P385S V2554V P1247S G260R D533N F1514L I1380I H2748Y R1726C S362S D1742N P385S V2554V P1247S G260R D533N F1514L I1380I H2748Y R1726C S362S
VWF,A751T A751T
VWF,GKE833fs
WASF1,P430L P430L
WASF2,I444I P119L I444I P119L
WDR1,S541S S369F S541S S369F
WDR33,P813S R1305Q P701S P813S R1305Q P701S
WDR33,HR1289fs
WDR37,LF434fs
WDR37,S244F S244F
WDR43,S173F S173F
WDR90,G963S V496V G963S V496V
WDR90,AP1011fs
WFS1,525_526KG>NC
WIPF1,E330K E330K
WIZ,F837F P1568L F837F P1568L
WIZ,P1315S 1576_1577SL>SL
WIZ,E28K E28K
WLS,R158G R158G
WNK4,1181_1182ML>IV
WNK4,E1024K L266L G108S E1024K L266L G108S
WNT16,RK62fs
WNT16,WG165fs
WNT2,D42N F97L T124T D42N F97L T124T
WNT5A,D345N S317L D345N S317L
WNT5B,V47M V47M
WNT5B,T9M T9M T9M
WNT6,S302F S125F S302F S125F
WNT6,RLAG46fs
WNT7A,R102W R102W
WRN,EK3fs
WWC1,FAILIIQ675fs
WWP1,ES304fs
WWP1,G546C G546fs
XAF1,S70L S70L
XBP1,RV81fs
XDH,G723E F635F G300R H67H E716K D873N R613Q L844L F988F G1157R G723E F635F G300R H67H E716K D873N R613Q L844L F988F G1157R
XIST,WT
XK,QK402fs
XK,YP251fs
XPO1,F1011L F1011L
XPOT,E249Q E249Q
XYLT2,YP526fs
YIF1A,EV166fs
YWHAZ,LSEESYK206fs
ZAP70,D321N M414I D321N M414I
ZBP1,*430*
ZBTB10,P589A P589A
ZBTB16,E274K G258G E274K G258G
ZBTB16,K582R K582R
ZC3H12A,VF177fs
ZEB1,E1052K E1111K V860V G77G S1104N G744E E1052K E1111K V860V G77G S1104N G744E
ZFP36L1,LLDSP219fs
ZFPM2,T844A T844A
ZFPM2,C27S C27S C27S C27S
ZFPM2,E59K L384L S36S E700K D789N G941S G665E D68N G1040E P387S E956K S1064F S541N E59K L384L S36S E700K D789N G941S G665E D68N G1040E P387S E956K S1064F S541N
ZFPM2,VSK811fs
ZFPM2,NFI1133fs
ZFPM2,S723P S723F
ZMIZ1,DP1048fs
ZMIZ1,171_172WG>*R
ZMIZ1,P837S S341S P437S F223F P837S S341S P437S F223F
ZNF112,P259L P259L
ZNF112,RV323fs
ZNF277,-46fs
ZNF292,SK596fs
ZNF292,IS369fs
ZNF292,KF1152fs
ZNF292,YF1155fs
ZNF365,E54K E54K
ZNF365,R387C T17I
ZNF365,H340P H346P H197P
ZNFX1,SGL1823fs
ZNFX1,F380F S197F F380F S197F
ZNRF4,G378S L264L P349P G121I I207I G378S L264L P349P G121I I207I
ZPBP,E143K E143K
